"ï»¿""Student""",Subject,Course,Week,Minutes,Accuracy,Mastered Lessons
Anon#035,Language,Language Arts - 7,2025-07-18 00:00:00,5.15,1,0
Anon#035,Science,Middle School Science,2025-07-23 00:00:00,1.13,1,1
Anon#035,Science,Middle School Science,2025-07-24 00:00:00,2.99,0.8,1
Anon#035,Science,Science - 5,2025-07-22 00:00:00,0,1,1
Anon#035,Science,Science - 6,2025-07-18 00:00:00,88,0.8369565217391305,3
Anon#035,Science,Science - 6,2025-07-19 00:00:00,12.83,0.6111111111111112,0
Anon#035,Science,Science - 6,2025-07-20 00:00:00,0,1,1
Anon#035,Science,Science - 6,2025-07-21 00:00:00,6.22,0.8,0
Anon#035,Science,Science - 6,2025-07-22 00:00:00,0,0.7142857142857143,1
Anon#035,Science,Science - 6,2025-07-23 00:00:00,0,0.9375,1
Anon#035,Science,Science - 6,2025-07-24 00:00:00,0,1,2
Anon#035,Science,Science - 7,2025-07-22 00:00:00,0,0.7741935483870968,2
Anon#035,Science,Science - 7,2025-07-23 00:00:00,44.39,0.8372093023255814,3
Anon#035,Science,Science - 7,2025-07-24 00:00:00,0,0.8202247191011236,3
Anon#035,Science,Science - 8,2025-07-20 00:00:00,9.56,0.8461538461538461,0
Anon#035,Science,Science - 8,2025-07-22 00:00:00,88.84,0.8852459016393442,4
Anon#035,Science,Science - 8,2025-07-23 00:00:00,0,0.7142857142857143,0
Anon#035,Science,Science - 8,2025-07-24 00:00:00,0,1,1
Anon#035,Science,Science - Others,2025-07-24 00:00:00,101.19,0.6239316239316239,1
Anon#043,Language,Language Arts - 2,2025-07-20 00:00:00,23.82,0.7808219178082192,2
Anon#043,Language,Language Arts - 2,2025-07-22 00:00:00,29.51,0.5915492957746479,1
Anon#043,Language,Language Arts - 2,2025-07-23 00:00:00,20.17,0.7346938775510204,1
Anon#043,Language,Language Arts - 2,2025-07-24 00:00:00,16.97,0.46153846153846156,0
Anon#043,Math,Math - 3,2025-07-18 00:00:00,11.55,0.8,0
Anon#043,Math,Math - 3,2025-07-19 00:00:00,57.03,0.6666666666666666,1
Anon#043,Math,Math - 3,2025-07-20 00:00:00,29.46,0.896551724137931,2
Anon#043,Math,Math - 3,2025-07-21 00:00:00,8.52,0.6,0
Anon#043,Math,Math - 3,2025-07-22 00:00:00,47.98,0.5277777777777778,0
Anon#043,Math,Math - 3,2025-07-23 00:00:00,38.73,0.6964285714285714,1
Anon#043,Math,Math - 3,2025-07-24 00:00:00,39.03,0.625,0
Anon#043,Reading,Lalilo,2025-07-18 00:00:00,14.07,0.5588235294117647,0
Anon#043,Reading,Lalilo,2025-07-20 00:00:00,40.87,0.8041237113402062,2
Anon#043,Reading,Lalilo,2025-07-21 00:00:00,20.87,0.2631578947368421,1
Anon#043,Reading,Lalilo,2025-07-22 00:00:00,26.6,0.8961038961038961,3
Anon#043,Reading,Lalilo,2025-07-23 00:00:00,30.58,0.8837209302325582,4
Anon#043,Reading,Lalilo,2025-07-24 00:00:00,28.73,0.8767123287671232,3
Anon#045,Reading,1051L-1200L,2025-07-20 00:00:00,0,0.5384615384615384,0
Anon#045,Reading,1051L-1200L,2025-07-21 00:00:00,0,0.8125,1
Anon#045,Reading,1201L-1350L,2025-07-18 00:00:00,39.48,0.8333333333333334,1
Anon#045,Reading,1201L-1350L,2025-07-19 00:00:00,75.15,0.8333333333333334,1
Anon#045,Reading,1201L-1350L,2025-07-21 00:00:00,44.59,0.9583333333333334,3
Anon#045,Reading,1201L-1350L,2025-07-23 00:00:00,114.99,0.7647058823529411,4
Anon#045,Reading,1201L-1350L,2025-07-24 00:00:00,89.47,0.7272727272727273,2
Anon#045,Reading,1351L-1500L,2025-07-18 00:00:00,0,0.875,1
Anon#045,Reading,1351L-1500L,2025-07-23 00:00:00,0,0.9375,2
Anon#045,Reading,1351L-1500L,2025-07-24 00:00:00,0,0.7142857142857143,0
Anon#045,Reading,1501L+,2025-07-24 00:00:00,0,1,1
Anon#045,Reading,601L-750L,2025-07-21 00:00:00,0,0.75,0
Anon#045,Reading,751L-900L,2025-07-19 00:00:00,0,0.9375,2
Anon#045,Reading,751L-900L,2025-07-20 00:00:00,0,0.9375,2
Anon#045,Reading,901L-1050L,2025-07-19 00:00:00,0,1,1
Anon#045,Reading,901L-1050L,2025-07-20 00:00:00,86.48,0.7777777777777778,2
Anon#045,Reading,901L-1050L,2025-07-21 00:00:00,0,0.75,0
Anon#051,Math,Math - 7,2025-07-23 00:00:00,2.33,,0
Anon#068,Math,Mathacademy,2025-07-18 00:00:00,0,0.9,3
Anon#068,Math,Mathacademy,2025-07-21 00:00:00,0,0.7222222222222222,4
Anon#068,Math,Mathacademy,2025-07-22 00:00:00,0,1,1
Anon#070,Math,Math - 7,2025-07-23 00:00:00,12.95,1,0
Anon#090,Math,Grade 6,2025-07-18 00:00:00,17.2,1,0
Anon#090,Math,Grade 6,2025-07-19 00:00:00,30.29,1,0
Anon#090,Math,Grade 6,2025-07-21 00:00:00,33.54,0.86,0
Anon#090,Math,Grade 6,2025-07-22 00:00:00,10.26,1,0
Anon#090,Math,Grade 6,2025-07-23 00:00:00,13.55,0.8,0
Anon#090,Math,Grade 7,2025-07-24 00:00:00,23.32,0.9333333333333333,2
Anon#096,Math,Grade 3,2025-07-18 00:00:00,64.95,0.8888888888888888,0
Anon#096,Math,Grade 3,2025-07-19 00:00:00,64.14,0.8148148148148148,0
Anon#096,Math,Grade 3,2025-07-20 00:00:00,51.63,0.8076923076923077,2
Anon#096,Math,Grade 3,2025-07-21 00:00:00,55.02,0.72,0
Anon#096,Math,Grade 3,2025-07-22 00:00:00,94.97,0.8076923076923077,0
Anon#096,Math,Grade 3,2025-07-23 00:00:00,104.68,0.9259259259259259,2
Anon#096,Math,Grade 3,2025-07-24 00:00:00,116.57,0.78125,1
Anon#098,Math,Grade 4,2025-07-20 00:00:00,0,1,0
Anon#098,Math,Grade 6,2025-07-18 00:00:00,24.98,,0
Anon#098,Math,Grade 6,2025-07-19 00:00:00,0,,0
Anon#098,Math,Grade 6,2025-07-24 00:00:00,0,0.8888888888888888,0
Anon#098,Math,Grade 7,2025-07-19 00:00:00,28.07,0.8461538461538461,2
Anon#098,Math,Grade 7,2025-07-20 00:00:00,31.28,0.9230769230769231,2
Anon#098,Math,Grade 7,2025-07-21 00:00:00,40.16,0.25,0
Anon#098,Math,Grade 7,2025-07-22 00:00:00,29.7,0.6363636363636364,1
Anon#098,Math,Grade 7,2025-07-24 00:00:00,29.58,0.8571428571428571,3
Anon#104,Math,Math - 3,2025-07-18 00:00:00,12.5,0.8888888888888888,0
Anon#104,Math,Math - 3,2025-07-20 00:00:00,26.77,0.9565217391304348,2
Anon#104,Math,Math - 3,2025-07-22 00:00:00,12.88,0.9230769230769231,0
Anon#104,Math,Math - 3,2025-07-23 00:00:00,62.34,0.9095477386934674,0
Anon#135,Math,Grade 6,2025-07-18 00:00:00,55.07,0.7142857142857143,3
Anon#135,Math,Grade 6,2025-07-19 00:00:00,7.94,1,1
Anon#135,Math,Grade 6,2025-07-20 00:00:00,15.68,0,
Anon#137,Reading,601L-750L,2025-07-18 00:00:00,79.28,0.9166666666666666,2
Anon#137,Reading,601L-750L,2025-07-20 00:00:00,41.17,1,1
Anon#147,Math,Grade 6,2025-07-19 00:00:00,0,,
Anon#147,Math,Grade 6,2025-07-20 00:00:00,29.35,0.5714285714285714,1
Anon#147,Math,Grade 6,2025-07-21 00:00:00,28.48,0.8,0
Anon#147,Math,Grade 6,2025-07-22 00:00:00,28.46,0.8,1
Anon#147,Math,Grade 6,2025-07-23 00:00:00,0,,
Anon#147,Math,Grade 7,2025-07-18 00:00:00,31.12,0.8,1
Anon#147,Math,Grade 7,2025-07-19 00:00:00,6.39,0.5,0
Anon#147,Math,Grade 7,2025-07-23 00:00:00,24.77,1,1
Anon#147,Math,Grade 7,2025-07-24 00:00:00,16.81,0.8,1
Anon#147,Math,Math - 8th grade,2025-07-21 00:00:00,0,0.5,0
Anon#153,Language,Language Arts - 4,2025-07-18 00:00:00,9.62,0.8604651162790697,1
Anon#153,Language,Language Arts - 4,2025-07-21 00:00:00,28.14,0.7604166666666666,1
Anon#153,Math,Math - Others,2025-07-18 00:00:00,3.4,,0
Anon#153,Science,Science - 4,2025-07-21 00:00:00,2.87,1,1
Anon#220,Math,Algebra I,2025-07-18 00:00:00,35.21,1,1
Anon#220,Math,Algebra I,2025-07-19 00:00:00,31.61,1,1
Anon#220,Math,Algebra I,2025-07-23 00:00:00,31.77,1,1
Anon#220,Math,Math - 8th grade,2025-07-20 00:00:00,31.27,,3
Anon#220,Math,Math - 8th grade,2025-07-21 00:00:00,28.25,1,1
Anon#220,Math,Math - 8th grade,2025-07-22 00:00:00,39.98,1,2
Anon#220,Math,Math - 8th grade,2025-07-24 00:00:00,26.28,0.8,1
Anon#224,Math,Math - 5,2025-07-21 00:00:00,20.1,0.8260869565217391,0
Anon#251,Math,Math - 3,2025-07-18 00:00:00,58.62,0.7719298245614035,2
Anon#276,Math,Math - 3,2025-07-23 00:00:00,27.83,0.9388888888888889,6
Anon#285,Language,Language Arts - 6,2025-07-18 00:00:00,58.26,0.7608695652173914,0
Anon#285,Language,Language Arts - 6,2025-07-21 00:00:00,26.67,0.7391304347826086,1
Anon#285,Language,Language Arts - 6,2025-07-22 00:00:00,15.42,0.86,1
Anon#285,Language,Language Arts - 6,2025-07-23 00:00:00,13.89,0.9710144927536232,3
Anon#285,Math,Math - 5,2025-07-18 00:00:00,53.72,0.9217391304347826,5
Anon#285,Math,Math - 5,2025-07-21 00:00:00,22.76,0.9322033898305084,2
Anon#285,Math,Math - 5,2025-07-22 00:00:00,15.45,0.9696969696969697,2
Anon#285,Math,Math - 5,2025-07-23 00:00:00,33.05,0.8865979381443299,3
Anon#285,Reading,1051L-1200L,2025-07-18 00:00:00,28.05,0.8125,1
Anon#285,Reading,1051L-1200L,2025-07-22 00:00:00,0,0,0
Anon#285,Reading,1051L-1200L,2025-07-24 00:00:00,51.24,0.7333333333333333,0
Anon#285,Reading,1201L-1350L,2025-07-21 00:00:00,32.93,0.75,0
Anon#285,Reading,1201L-1350L,2025-07-24 00:00:00,0,0.875,1
Anon#285,Reading,1351L-1500L,2025-07-22 00:00:00,49.02,0.75,1
Anon#285,Science,Middle School Science,2025-07-18 00:00:00,4.02,0.75,1
Anon#285,Science,Science - 2,2025-07-22 00:00:00,0,1,0
Anon#285,Science,Science - 4,2025-07-22 00:00:00,6.16,0.9565217391304348,0
Anon#288,Language,Language Arts - 3,2025-07-18 00:00:00,32.83,0.775,0
Anon#288,Math,Math - 3,2025-07-18 00:00:00,0,0.8,0
Anon#288,Math,Math - 5,2025-07-18 00:00:00,18.11,0.75,0
Anon#306,Language,Language Arts - 3,2025-07-18 00:00:00,0,,0
Anon#306,Math,Math - 3,2025-07-18 00:00:00,26.92,0.9523809523809523,2
Anon#306,Math,Math - 3,2025-07-21 00:00:00,0,0.7916666666666666,1
Anon#306,Math,Math - 3,2025-07-22 00:00:00,37.15,0.8636363636363636,3
Anon#306,Math,Math - 3,2025-07-23 00:00:00,16.47,0.9397590361445783,3
Anon#306,Math,Math - 3,2025-07-24 00:00:00,22.96,0.8363636363636363,1
Anon#306,Math,Math - Others,2025-07-18 00:00:00,0,0.88,1
Anon#306,Math,Math - Others,2025-07-21 00:00:00,31.99,0.7659574468085106,2
Anon#306,Reading,751L-900L,2025-07-22 00:00:00,18.16,0.875,1
Anon#306,Reading,901L-1050L,2025-07-22 00:00:00,0,0.7142857142857143,0
Anon#306,Science,Science - 3,2025-07-18 00:00:00,15.21,0.7058823529411765,0
Anon#306,Science,Science - 3,2025-07-21 00:00:00,11.47,0.8181818181818182,0
Anon#306,Science,Science - 3,2025-07-22 00:00:00,7.41,0.9444444444444444,1
Anon#306,Science,Science - 3,2025-07-23 00:00:00,12.03,0.65,0
Anon#306,Science,Science - 3,2025-07-24 00:00:00,0.86,0,0
Anon#306,Science,Science - Others,2025-07-18 00:00:00,0,1,1
Anon#306,Science,Science - Others,2025-07-22 00:00:00,0,1,1
Anon#329,Math,Grade 2,2025-07-18 00:00:00,0,1,1
Anon#329,Math,Grade 2,2025-07-19 00:00:00,28.67,1,2
Anon#329,Math,Grade 2,2025-07-20 00:00:00,28.95,1,1
Anon#329,Math,Grade 2,2025-07-21 00:00:00,0,1,1
Anon#329,Math,Grade 2,2025-07-22 00:00:00,30.27,1,2
Anon#329,Math,Grade 2,2025-07-23 00:00:00,31.76,1,1
Anon#329,Math,Grade 2,2025-07-24 00:00:00,29.75,0.875,1
Anon#329,Math,Grade 6,2025-07-18 00:00:00,26.73,0.8,0
Anon#329,Math,Grade 6,2025-07-19 00:00:00,0,0.75,0
Anon#329,Math,Grade 6,2025-07-20 00:00:00,0,,0
Anon#329,Math,Grade 6,2025-07-21 00:00:00,32.02,0.8,0
Anon#329,Math,Grade 6,2025-07-22 00:00:00,0,1,0
Anon#329,Math,Grade 6,2025-07-23 00:00:00,0,1,0
Anon#329,Math,Grade 6,2025-07-24 00:00:00,0,1,0
Anon#334,Math,Grade 1,2025-07-20 00:00:00,0,,
Anon#334,Math,Grade 3,2025-07-20 00:00:00,30.56,0.8541666666666666,2
Anon#332,Math,Grade 3,2025-07-20 00:00:00,26.11,0.9215686274509803,8
Anon#336,Math,Math - 5,2025-07-24 00:00:00,0,0.96,0
Anon#336,Math,Math - 6,2025-07-19 00:00:00,81.28,0.8674033149171271,1
Anon#336,Math,Math - 6,2025-07-24 00:00:00,24.57,0.8947368421052632,0
Anon#336,Math,Math - Others,2025-07-19 00:00:00,0,0.8947368421052632,1
Anon#336,Science,Science - 6,2025-07-19 00:00:00,1.1,,0
Anon#336,Science,Science - 6,2025-07-20 00:00:00,28.87,0.7407407407407407,1
Anon#336,Science,Science - 6,2025-07-22 00:00:00,32.04,0.8292682926829268,2
Anon#336,Science,Science - 8,2025-07-20 00:00:00,0,0.625,0
Anon#336,Science,Science - Others,2025-07-22 00:00:00,0,0.7272727272727273,0
Anon#336,Science,Science - Others,2025-07-24 00:00:00,1.15,,0
Anon#345,Science,Science - 2,2025-07-18 00:00:00,0,1,1
Anon#345,Science,Science - 3,2025-07-18 00:00:00,27.93,1,2
Anon#347,Math,Grade 2,2025-07-21 00:00:00,0,1,
Anon#347,Math,Grade 2,2025-07-23 00:00:00,59.94,0.9545454545454546,1
Anon#347,Math,Grade 2,2025-07-24 00:00:00,0,1,0
Anon#347,Math,Grade 6,2025-07-18 00:00:00,47.58,,0
Anon#347,Math,Grade 6,2025-07-19 00:00:00,55.48,1,1
Anon#347,Math,Grade 6,2025-07-21 00:00:00,38.22,0.8571428571428571,1
Anon#347,Math,Grade 6,2025-07-22 00:00:00,3.55,0.5,
Anon#347,Math,Grade 6,2025-07-24 00:00:00,41.11,0.875,1
Anon#353,Math,Grade 5,2025-07-18 00:00:00,44.44,1,0
Anon#353,Math,Grade 5,2025-07-19 00:00:00,41.37,1,0
Anon#353,Math,Grade 5,2025-07-20 00:00:00,40.97,0.8,0
Anon#374,Math,Math - 3,2025-07-18 00:00:00,120.65,0.7096774193548387,1
Anon#384,Language,Language Arts - 2,2025-07-23 00:00:00,24.53,0.9615384615384616,1
Anon#384,Language,Language Arts - 2,2025-07-24 00:00:00,33.16,0.8611111111111112,1
Anon#392,Language,Language Arts - 3,2025-07-21 00:00:00,39.05,0.8076923076923077,1
Anon#392,Language,Language Arts - 3,2025-07-22 00:00:00,0.51,,0
Anon#392,Language,Language Arts - 3,2025-07-23 00:00:00,49.52,0.8676470588235294,2
Anon#392,Language,Language Arts - 3,2025-07-24 00:00:00,15.05,0.7377049180327869,1
Anon#392,Math,Math - 1,2025-07-18 00:00:00,16.59,0.9230769230769231,1
Anon#392,Math,Math - 1,2025-07-22 00:00:00,0,1,1
Anon#392,Math,Math - 2,2025-07-21 00:00:00,49.16,0.8461538461538461,2
Anon#392,Math,Math - 2,2025-07-24 00:00:00,0.39,1,1
Anon#392,Math,Math - 3,2025-07-21 00:00:00,0,0,0
Anon#392,Math,Math - 3,2025-07-22 00:00:00,25.99,0.9285714285714286,2
Anon#392,Math,Math - Others,2025-07-18 00:00:00,0,0.8421052631578947,1
Anon#392,Reading,0L-150L,2025-07-24 00:00:00,0,0.625,0
Anon#392,Reading,151L-300L,2025-07-24 00:00:00,18.97,0.75,0
Anon#392,Reading,Lalilo,2025-07-18 00:00:00,18.76,0.9821428571428571,3
Anon#392,Reading,Lalilo,2025-07-20 00:00:00,9.66,0.9696969696969697,0
Anon#392,Reading,Lalilo,2025-07-21 00:00:00,26.01,0.921875,5
Anon#392,Reading,Lalilo,2025-07-22 00:00:00,24.21,0.9298245614035088,2
Anon#392,Reading,Lalilo,2025-07-23 00:00:00,23.8,0.8823529411764706,3
Anon#392,Reading,Lalilo,2025-07-24 00:00:00,9.45,1,1
Anon#392,Science,Science - 1,2025-07-22 00:00:00,10.63,1,1
Anon#392,Science,Science - 2,2025-07-18 00:00:00,14.09,0.9285714285714286,2
Anon#392,Science,Science - 2,2025-07-20 00:00:00,27.81,0.7446808510638298,1
Anon#392,Science,Science - 2,2025-07-22 00:00:00,0,0.9090909090909091,1
Anon#392,Science,Science - 2,2025-07-24 00:00:00,16.13,0.8333333333333334,2
Anon#392,Social Studies,Social Studies - 3,2025-07-22 00:00:00,6.28,0.9523809523809523,1
Anon#392,Social Studies,Social Studies - 3,2025-07-24 00:00:00,0,,0
Anon#395,Math,Math - 1,2025-07-23 00:00:00,28.61,0.9714285714285714,1
Anon#395,Math,Math - Others,2025-07-23 00:00:00,0,0.8888888888888888,1
Anon#397,Language,Language Arts - 12,2025-07-22 00:00:00,0,0.6666666666666666,0
Anon#397,Language,Language Arts - 5,2025-07-18 00:00:00,20.87,0.8028169014084507,0
Anon#397,Language,Language Arts - 5,2025-07-20 00:00:00,7.22,0.6875,0
Anon#397,Language,Language Arts - 5,2025-07-21 00:00:00,40.88,0.8314176245210728,3
Anon#397,Language,Language Arts - 7,2025-07-22 00:00:00,5.05,0.8260869565217391,0
Anon#397,Math,Math - 3,2025-07-18 00:00:00,1.77,0.6,0
Anon#397,Math,Math - 3,2025-07-21 00:00:00,2.2,0.8,0
Anon#397,Math,Math - 3,2025-07-22 00:00:00,62.48,0.8028169014084507,8
Anon#397,Math,Math - 3,2025-07-23 00:00:00,46.76,0.8142857142857143,3
Anon#397,Math,Math - 3,2025-07-24 00:00:00,47.09,0.8292682926829268,4
Anon#397,Math,Math - Others,2025-07-24 00:00:00,0,0.8275862068965517,0
Anon#397,Reading,1051L-1200L,2025-07-23 00:00:00,4.23,0.75,0
Anon#397,Reading,1201L-1350L,2025-07-18 00:00:00,6.6,0.75,0
Anon#397,Science,Science - 2,2025-07-20 00:00:00,0,1,0
Anon#397,Science,Science - 4,2025-07-20 00:00:00,5.82,0.9148936170212766,3
Anon#397,Science,Science - 4,2025-07-21 00:00:00,15.5,0.4155844155844156,0
Anon#397,Science,Science - 4,2025-07-22 00:00:00,49.1,0.7223650385604113,1
Anon#397,Science,Science - 4,2025-07-23 00:00:00,11.7,0.8333333333333334,4
Anon#397,Science,Science - Others,2025-07-23 00:00:00,0,0.5,0
Anon#397,Science,Science - Others,2025-07-24 00:00:00,1.07,0.7142857142857143,0
Anon#405,Language,Language Arts - 3,2025-07-18 00:00:00,1.1,0.5,0
Anon#450,Language,Language Arts - 4,2025-07-22 00:00:00,13.13,0.9047619047619048,1
Anon#450,Language,Language Arts - 4,2025-07-23 00:00:00,56.84,0.944,5
Anon#450,Language,Language Arts - 4,2025-07-24 00:00:00,52.9,0.8962264150943396,3
Anon#450,Math,Math - 4,2025-07-21 00:00:00,14.27,0.5,0
Anon#450,Math,Math - 4,2025-07-22 00:00:00,14.23,0.9615384615384616,1
Anon#450,Math,Math - 4,2025-07-23 00:00:00,0,0.8571428571428571,1
Anon#450,Math,Math - 4,2025-07-24 00:00:00,30.16,0.9090909090909091,2
Anon#450,Math,Math - Others,2025-07-23 00:00:00,33.77,0.95,3
Anon#450,Math,Math - Others,2025-07-24 00:00:00,0,0.8695652173913043,1
Anon#450,Science,Science - 1,2025-07-21 00:00:00,0,0.8846153846153846,2
Anon#450,Science,Science - 2,2025-07-21 00:00:00,0,0.9791666666666666,3
Anon#450,Science,Science - 4,2025-07-21 00:00:00,150.72,0.7853535353535354,7
Anon#450,Science,Science - 4,2025-07-22 00:00:00,44.51,0.946236559139785,3
Anon#450,Science,Science - 4,2025-07-24 00:00:00,0.88,0.7142857142857143,0
Anon#462,Language,Language Arts - 3,2025-07-18 00:00:00,159.06,0.9310344827586207,2
Anon#462,Language,Language Arts - 3,2025-07-21 00:00:00,0,0.5185185185185185,1
Anon#462,Language,Language Arts - 3,2025-07-24 00:00:00,0,,0
Anon#462,Language,Language Arts - 4,2025-07-21 00:00:00,107.85,0.7384615384615385,1
Anon#462,Language,Language Arts - 4,2025-07-22 00:00:00,51.39,0.8666666666666667,2
Anon#462,Language,Language Arts - 4,2025-07-23 00:00:00,24,0.7659574468085106,1
Anon#462,Language,Language Arts - 4,2025-07-24 00:00:00,98.88,0.7160493827160493,1
Anon#462,Math,Math - Others,2025-07-21 00:00:00,0,,0
Anon#462,Science,Science - 4,2025-07-18 00:00:00,0.08,,0
Anon#472,Math,Grade 6,2025-07-22 00:00:00,4.63,0.7142857142857143,0
Anon#472,Math,Grade 6,2025-07-23 00:00:00,12.23,1,1
Anon#482,Math,1st Grade - Math,2025-07-18 00:00:00,0,1,
Anon#482,Math,Grade 1,2025-07-18 00:00:00,64.41,0.927536231884058,18
Anon#482,Math,Grade 1,2025-07-19 00:00:00,35.18,0.9154929577464789,0
Anon#482,Math,Grade 1,2025-07-21 00:00:00,29.18,0.8367346938775511,5
Anon#482,Math,Grade 1,2025-07-22 00:00:00,33.15,0.782608695652174,2
Anon#482,Math,Grade 1,2025-07-23 00:00:00,26.28,0.8695652173913043,9
Anon#482,Math,Grade 1,2025-07-24 00:00:00,32.22,0.6714285714285714,4
Anon#489,Math,Grade 1,2025-07-18 00:00:00,27.2,0.8108108108108109,4
Anon#489,Math,Grade 1,2025-07-19 00:00:00,13.03,0.9523809523809523,2
Anon#489,Math,Grade 1,2025-07-20 00:00:00,51.05,0.9,4
Anon#489,Math,Grade 1,2025-07-21 00:00:00,39.82,0.6818181818181818,2
Anon#489,Math,Grade 1,2025-07-22 00:00:00,16.46,0.9583333333333334,0
Anon#489,Math,Kindergarten - Math,2025-07-19 00:00:00,0,0,
Anon#497,Math,Grade 1,2025-07-19 00:00:00,58.12,0.9333333333333333,2
Anon#497,Math,Grade 1,2025-07-20 00:00:00,41.52,0.8,1
Anon#497,Math,Grade 3,2025-07-18 00:00:00,0,,
Anon#497,Math,Grade 3,2025-07-19 00:00:00,0,,
Anon#497,Math,Grade 3,2025-07-21 00:00:00,0,,
Anon#497,Math,Grade 3,2025-07-22 00:00:00,39.07,1,1
Anon#497,Math,Grade 3,2025-07-23 00:00:00,0,,
Anon#497,Math,Grade 4,2025-07-18 00:00:00,0,,
Anon#497,Math,Grade 4,2025-07-20 00:00:00,0,,
Anon#497,Math,Grade 4,2025-07-21 00:00:00,29.46,1,1
Anon#497,Math,Grade 4,2025-07-23 00:00:00,45.05,1,1
Anon#497,Math,Grade 4,2025-07-24 00:00:00,26.13,0.8387096774193549,1
Anon#497,Math,Kindergarten - Math,2025-07-18 00:00:00,27.78,1,1
Anon#498,Math,Grade 3,2025-07-18 00:00:00,12,0.9333333333333333,2
Anon#498,Math,Grade 3,2025-07-20 00:00:00,7.05,1,2
Anon#498,Math,Grade 3,2025-07-21 00:00:00,5.98,0.875,1
Anon#498,Math,Grade 3,2025-07-22 00:00:00,9.58,,0
Anon#498,Math,Grade 3,2025-07-23 00:00:00,40.57,0.8571428571428571,3
Anon#498,Math,Grade 3,2025-07-24 00:00:00,6.22,0,
Anon#501,Math,Grade 4,2025-07-18 00:00:00,45.65,,0
Anon#501,Math,Grade 4,2025-07-19 00:00:00,34.86,0.8571428571428571,1
Anon#501,Math,Grade 4,2025-07-20 00:00:00,3.26,,0
Anon#501,Math,Grade 4,2025-07-22 00:00:00,2.18,,1
Anon#501,Math,Grade 4,2025-07-23 00:00:00,32.46,,1
Anon#522,Reading,901L-1050L,2025-07-18 00:00:00,22.94,0.8823529411764706,2
Anon#522,Science,Science - 5,2025-07-22 00:00:00,40.12,0.7777777777777778,1
Anon#526,Math,Math - 5,2025-07-18 00:00:00,74.06,0.8888888888888888,1
Anon#532,Math,Grade 3,2025-07-18 00:00:00,10.81,,0
Anon#532,Math,Grade 3,2025-07-19 00:00:00,4.57,1,1
Anon#532,Math,Grade 3,2025-07-20 00:00:00,4.58,1,1
Anon#532,Math,Grade 3,2025-07-21 00:00:00,6.68,1,1
Anon#532,Math,Grade 3,2025-07-22 00:00:00,8.39,0.9333333333333333,1
Anon#532,Math,Grade 3,2025-07-23 00:00:00,1.43,,0
Anon#532,Math,Grade 3,2025-07-24 00:00:00,6.47,0.8125,1
Anon#553,Math,Math - 8th grade,2025-07-19 00:00:00,34,0.7692307692307693,1
Anon#553,Math,Math - 8th grade,2025-07-20 00:00:00,15.9,1,1
Anon#612,Language,Language Arts - 6,2025-07-21 00:00:00,0.13,,0
Anon#612,Math,Math - 6,2025-07-18 00:00:00,115.49,0.7840909090909091,3
Anon#612,Math,Math - 6,2025-07-21 00:00:00,30.88,0.8947368421052632,1
Anon#612,Math,Math - 6,2025-07-22 00:00:00,7.21,0.8333333333333334,1
Anon#612,Math,Math - 6,2025-07-24 00:00:00,15.87,0.7058823529411765,0
Anon#612,Science,Science - 3,2025-07-24 00:00:00,2.78,0.8947368421052632,0
Anon#612,Science,Science - 7,2025-07-21 00:00:00,3.15,0.3333333333333333,0
Anon#612,Social Studies,Social Studies - 5,2025-07-21 00:00:00,8.85,0.6060606060606061,1
Anon#612,Social Studies,Social Studies - 5,2025-07-24 00:00:00,0.58,,0
Anon#631,Math,Mathacademy,2025-07-18 00:00:00,0,1,1
Anon#631,Math,Mathacademy,2025-07-22 00:00:00,0,1,1
Anon#631,Math,Mathacademy,2025-07-24 00:00:00,0,0.8529411764705882,5
Anon#636,Math,Mathacademy,2025-07-18 00:00:00,0,0.9655172413793104,4
Anon#636,Math,Mathacademy,2025-07-19 00:00:00,0,1,5
Anon#636,Math,Mathacademy,2025-07-21 00:00:00,0,0.975609756097561,6
Anon#636,Math,Mathacademy,2025-07-22 00:00:00,0,1,6
Anon#636,Math,Mathacademy,2025-07-23 00:00:00,0,0.9523809523809523,3
Anon#640,Math,Math - 4,2025-07-18 00:00:00,32.96,0.8372093023255814,2
Anon#647,Math,Grade 1,2025-07-22 00:00:00,11.28,0.9230769230769231,4
Anon#647,Math,Grade 3,2025-07-18 00:00:00,40.61,0.9814814814814815,6
Anon#647,Math,Grade 3,2025-07-19 00:00:00,66.69,0.9272727272727272,5
Anon#647,Math,Grade 3,2025-07-20 00:00:00,51.06,0.7619047619047619,1
Anon#647,Math,Grade 3,2025-07-21 00:00:00,51.2,0.76,4
Anon#708,Language,Language Arts - 2,2025-07-21 00:00:00,0.33,,0
Anon#708,Math,Math - 3,2025-07-21 00:00:00,37.17,0.9411764705882353,1
Anon#708,Reading,Grade 2,2025-07-21 00:00:00,23.5,0.65,5
Anon#710,Language,Language Arts - 8,2025-07-21 00:00:00,21.49,0.9365079365079365,2
Anon#710,Math,Mathacademy,2025-07-18 00:00:00,0,0.9523809523809523,8
Anon#710,Math,Mathacademy,2025-07-22 00:00:00,0,0.88,11
Anon#719,Language,Language Arts - 3,2025-07-18 00:00:00,46.07,0.96,0
Anon#719,Math,Math - Others,2025-07-18 00:00:00,64.45,1,2
Anon#758,Math,Math - 3,2025-07-18 00:00:00,0,,0
Anon#758,Math,Math - 4,2025-07-18 00:00:00,99.77,0.5161290322580645,1
Anon#758,Math,Math - 4,2025-07-21 00:00:00,0.58,,0
Anon#758,Math,Math - 4,2025-07-22 00:00:00,153.29,0.7142857142857143,2
Anon#758,Math,Math - Others,2025-07-18 00:00:00,0,,0
Anon#758,Math,Math - Others,2025-07-21 00:00:00,0,,0
Anon#758,Math,Math - Others,2025-07-22 00:00:00,0,0.7081081081081081,0
Anon#778,Reading,1051L-1200L,2025-07-23 00:00:00,11.52,1,1
Anon#778,Reading,1051L-1200L,2025-07-24 00:00:00,24,1,2
Anon#778,Reading,751L-900L,2025-07-18 00:00:00,11.95,0.8571428571428571,1
Anon#778,Reading,901L-1050L,2025-07-19 00:00:00,27.02,1,2
Anon#778,Reading,901L-1050L,2025-07-20 00:00:00,39.57,0.9523809523809523,3
Anon#778,Reading,901L-1050L,2025-07-21 00:00:00,22.3,0.8571428571428571,2
Anon#783,Language,Language Arts - 1,2025-07-21 00:00:00,0,1,1
Anon#783,Language,Language Arts - 2,2025-07-18 00:00:00,23.24,0.8928571428571429,3
Anon#783,Language,Language Arts - 2,2025-07-19 00:00:00,36,0.9192307692307692,10
Anon#783,Language,Language Arts - 2,2025-07-21 00:00:00,27.71,0.9604743083003953,10
Anon#783,Language,Language Arts - 2,2025-07-24 00:00:00,75.62,0.8282828282828283,10
Anon#783,Math,Math - 1,2025-07-18 00:00:00,34.48,0.959731543624161,7
Anon#783,Math,Math - 2,2025-07-20 00:00:00,56.8,0.9464285714285714,6
Anon#783,Math,Math - 2,2025-07-22 00:00:00,0,0.717391304347826,1
Anon#783,Math,Math - 2,2025-07-24 00:00:00,0,0.9009009009009009,5
Anon#783,Math,Math - K,2025-07-18 00:00:00,0,1,1
Anon#783,Math,Math - Others,2025-07-18 00:00:00,0,1,3
Anon#783,Math,Math - Others,2025-07-20 00:00:00,0,0.9538461538461539,4
Anon#783,Math,Math - Others,2025-07-22 00:00:00,0,,0
Anon#783,Math,Math - Others,2025-07-24 00:00:00,89.08,0.940677966101695,5
Anon#783,Reading,751L-900L,2025-07-19 00:00:00,35.25,0.9,1
Anon#783,Reading,751L-900L,2025-07-24 00:00:00,23.71,0.5833333333333334,1
Anon#783,Reading,901L-1050L,2025-07-19 00:00:00,0,0.8571428571428571,1
Anon#791,Reading,901L-1050L,2025-07-20 00:00:00,16.37,1,0
Anon#804,Language,Language Arts - 5,2025-07-20 00:00:00,0,,0
Anon#804,Language,Language Arts - 8,2025-07-18 00:00:00,11.42,0.9574468085106383,2
Anon#804,Language,Language Arts - 8,2025-07-19 00:00:00,25.06,0.9272727272727272,2
Anon#804,Language,Language Arts - 8,2025-07-20 00:00:00,18.47,1,2
Anon#804,Math,Math - 8,2025-07-18 00:00:00,22.09,0.868421052631579,2
Anon#804,Math,Math - 8,2025-07-19 00:00:00,25.6,0.8064516129032258,2
Anon#804,Math,Math - 8,2025-07-20 00:00:00,18.57,0.8717948717948718,2
Anon#804,Reading,1051L-1200L,2025-07-18 00:00:00,9.63,0.8571428571428571,1
Anon#804,Reading,1051L-1200L,2025-07-19 00:00:00,15.27,0.7777777777777778,0
Anon#804,Reading,1351L-1500L,2025-07-20 00:00:00,24.42,1,2
Anon#804,Reading,1501L+,2025-07-19 00:00:00,0,1,1
Anon#804,Science,Science - 5,2025-07-19 00:00:00,23.85,0.7619047619047619,1
Anon#804,Science,Science - 8,2025-07-18 00:00:00,17.22,0.8,2
Anon#804,Science,Science - 8,2025-07-20 00:00:00,20.86,0.825,2
Anon#804,Science,Science - Others,2025-07-19 00:00:00,0,0.8823529411764706,1
Anon#813,Language,Language Arts - 5,2025-07-18 00:00:00,44.05,0.8169934640522876,2
Anon#813,Math,Math - 6,2025-07-18 00:00:00,74.54,0.75,0
Anon#813,Reading,751L-900L,2025-07-18 00:00:00,0,0.8,1
Anon#813,Reading,901L-1050L,2025-07-18 00:00:00,65.92,0.8333333333333334,2
Anon#813,Science,Science - 6,2025-07-18 00:00:00,43.2,0.84375,3
Anon#813,Science,Science - 8,2025-07-18 00:00:00,0,0.875,1
Anon#822,Math,Grade 4,2025-07-19 00:00:00,7.89,1,2
Anon#822,Math,Grade 4,2025-07-22 00:00:00,4.72,1,1
Anon#822,Math,Grade 4,2025-07-23 00:00:00,5.65,0.9655172413793104,1
Anon#822,Math,Grade 4,2025-07-24 00:00:00,5.47,0.9333333333333333,3
Anon#843,Language,Language Arts - 3,2025-07-23 00:00:00,38.1,0.7931034482758621,2
Anon#843,Math,Math - 3,2025-07-22 00:00:00,36.6,0.9038461538461539,1
Anon#843,Math,Math - Others,2025-07-21 00:00:00,72.56,0.7741935483870968,1
Anon#843,Math,Math - Others,2025-07-22 00:00:00,0,0.9411764705882353,1
Anon#846,Language,Language - 3rd grade,2025-07-19 00:00:00,15.79,0.6666666666666666,2
Anon#846,Language,Language Arts - 3,2025-07-19 00:00:00,9.68,0.896551724137931,1
Anon#846,Math,Math - 4,2025-07-18 00:00:00,45.88,0.6666666666666666,0
Anon#846,Reading,901L-1050L,2025-07-18 00:00:00,45.9,0.7916666666666666,2
Anon#846,Science,Science - 3,2025-07-18 00:00:00,6.66,0.9285714285714286,1
Anon#846,Science,Science - 3,2025-07-19 00:00:00,20.33,0.8095238095238095,3
Anon#848,Math,Grade 1,2025-07-18 00:00:00,35.89,0.95,11
Anon#848,Math,Grade 1,2025-07-19 00:00:00,39.81,0.9428571428571428,14
Anon#848,Math,Grade 1,2025-07-20 00:00:00,28.97,1,0
Anon#848,Math,Grade 1,2025-07-21 00:00:00,35.76,1,5
Anon#848,Math,Grade 1,2025-07-22 00:00:00,13.88,1,0
Anon#859,Language,Language - 3rd grade,2025-07-22 00:00:00,0.61,,
Anon#859,Language,Language Arts - 2,2025-07-20 00:00:00,2.28,1,0
Anon#859,Language,Language Arts - 2,2025-07-23 00:00:00,0.27,1,0
Anon#859,Language,Language Arts - 2,2025-07-24 00:00:00,2.65,1,1
Anon#859,Math,Math - Others,2025-07-20 00:00:00,2.92,0.9444444444444444,1
Anon#859,Math,Math - Others,2025-07-21 00:00:00,3.02,1,0
Anon#859,Math,Math - Others,2025-07-23 00:00:00,3.63,0.6666666666666666,0
Anon#859,Math,Math - Others,2025-07-24 00:00:00,4.89,0.8888888888888888,0
Anon#859,Reading,751L-900L,2025-07-21 00:00:00,2.42,0.6666666666666666,0
Anon#859,Reading,751L-900L,2025-07-23 00:00:00,4.95,1,0
Anon#859,Reading,751L-900L,2025-07-24 00:00:00,0,0.6666666666666666,0
Anon#859,Reading,901L-1050L,2025-07-20 00:00:00,7.78,1,0
Anon#859,Reading,901L-1050L,2025-07-24 00:00:00,5.45,1,0
Anon#859,Science,Science - 1,2025-07-22 00:00:00,0.02,,0
Anon#859,Science,Science - 1,2025-07-23 00:00:00,1.78,0,0
Anon#859,Science,Science - 1,2025-07-24 00:00:00,3.92,1,1
Anon#875,Language,Language Arts - 5,2025-07-21 00:00:00,14.33,0.8157894736842105,1
Anon#875,Reading,901L-1050L,2025-07-21 00:00:00,8.24,0.8333333333333334,1
Anon#875,Science,Science - 2,2025-07-19 00:00:00,0,1,0
Anon#875,Science,Science - 5,2025-07-19 00:00:00,50.39,0.8990825688073395,0
Anon#875,Science,Science - 6,2025-07-19 00:00:00,0,0.95,0
Anon#875,Science,Science - 7,2025-07-21 00:00:00,3.27,0.7142857142857143,0
Anon#875,Science,Science - 7,2025-07-22 00:00:00,0.38,,0
Anon#875,Science,Science - Others,2025-07-19 00:00:00,0,0.9333333333333333,0
Anon#878,Math,Algebra I,2025-07-19 00:00:00,24.99,0.9166666666666666,1
Anon#878,Math,Algebra I,2025-07-20 00:00:00,19.97,0.8,1
Anon#878,Math,Algebra I,2025-07-21 00:00:00,19.9,,0
Anon#878,Math,Algebra I,2025-07-22 00:00:00,27.95,0.8,1
Anon#878,Math,Algebra I,2025-07-23 00:00:00,24.16,1,1
Anon#878,Math,Algebra I,2025-07-24 00:00:00,15.98,1,1
Anon#887,Math,1st Grade - Math,2025-07-22 00:00:00,0,1,4
Anon#887,Math,Grade 1,2025-07-21 00:00:00,0,1,8
Anon#887,Math,Grade 1,2025-07-23 00:00:00,23.96,0.9607843137254902,13
Anon#887,Math,Grade 1,2025-07-24 00:00:00,0,0.8571428571428571,4
Anon#887,Math,Grade 3,2025-07-18 00:00:00,26.33,0.970873786407767,10
Anon#887,Math,Grade 3,2025-07-19 00:00:00,40.9,0.9629629629629629,1
Anon#887,Math,Grade 3,2025-07-20 00:00:00,10.92,1,2
Anon#887,Math,Kindergarten - Math,2025-07-21 00:00:00,31.6,0.9722222222222222,4
Anon#887,Math,Kindergarten - Math,2025-07-22 00:00:00,51,1,9
Anon#887,Math,Kindergarten - Math,2025-07-24 00:00:00,28.65,1,2
Anon#891,Math,Grade 1,2025-07-20 00:00:00,21.96,0.9545454545454546,10
Anon#891,Math,Grade 1,2025-07-24 00:00:00,20.16,0.8378378378378378,3
Anon#891,Math,Kindergarten - Math,2025-07-18 00:00:00,16.54,0.9655172413793104,6
Anon#891,Math,Kindergarten - Math,2025-07-19 00:00:00,12.33,0.8275862068965517,3
Anon#891,Math,Kindergarten - Math,2025-07-21 00:00:00,5,1,1
Anon#891,Math,Kindergarten - Math,2025-07-22 00:00:00,9.27,1,6
Anon#891,Math,Kindergarten - Math,2025-07-23 00:00:00,3.29,1,0
Anon#910,Math,Grade 3,2025-07-18 00:00:00,7,0,
Anon#919,Math,Grade 3,2025-07-18 00:00:00,7.1,0.875,1
Anon#919,Math,Grade 3,2025-07-19 00:00:00,10.78,1,1
Anon#919,Math,Grade 3,2025-07-20 00:00:00,9.79,1,2
Anon#919,Math,Grade 3,2025-07-21 00:00:00,7.5,,0
Anon#919,Math,Grade 3,2025-07-22 00:00:00,20.48,1,1
Anon#919,Math,Grade 3,2025-07-23 00:00:00,10.62,1,1
Anon#919,Math,Grade 3,2025-07-24 00:00:00,9.48,1,1
Anon#937,Math,Mathacademy,2025-07-19 00:00:00,0,0.4,0
Anon#937,Math,Mathacademy,2025-07-20 00:00:00,0,0.8181818181818182,1
Anon#937,Math,Mathacademy,2025-07-21 00:00:00,0,0.7761194029850746,11
Anon#937,Math,Mathacademy,2025-07-22 00:00:00,0,0.8333333333333334,14
Anon#937,Math,Mathacademy,2025-07-23 00:00:00,0,0.8469387755102041,16
Anon#996,Language,Language Arts - 1,2025-07-23 00:00:00,27.01,0.8837209302325582,0
Anon#996,Language,Language Arts - K,2025-07-23 00:00:00,0,0.975609756097561,2
Anon#996,Math,Math - 2,2025-07-23 00:00:00,33.23,0.7037037037037037,1
Anon#996,Science,Science - 2,2025-07-23 00:00:00,0.63,,0
Anon#1044,Language,Language Arts - 5,2025-07-18 00:00:00,17.88,0.8947368421052632,1
Anon#1044,Math,Math - 3,2025-07-18 00:00:00,51.96,0.6111111111111112,1
Anon#1044,Reading,751L-900L,2025-07-18 00:00:00,12.89,1,1
Anon#1046,Language,Language Arts - 2,2025-07-22 00:00:00,8.73,0.9230769230769231,1
Anon#1046,Math,Math - 1,2025-07-22 00:00:00,7.05,1,1
Anon#1046,Math,Math - Others,2025-07-21 00:00:00,13.77,1,1
Anon#1046,Reading,Amira,2025-07-21 00:00:00,41.15,0.864516129032258,1
Anon#1046,Reading,Amira,2025-07-22 00:00:00,20.99,0.916030534351145,1
Anon#1046,Reading,Amira,2025-07-23 00:00:00,13,0.8127659574468085,1
Anon#1046,Reading,Lalilo,2025-07-22 00:00:00,14.52,0.9090909090909091,1
Anon#1050,Language,Language Arts - 6,2025-07-18 00:00:00,29.9,0.8918918918918919,1
Anon#1050,Math,Math - 4,2025-07-18 00:00:00,36.23,0.84375,1
Anon#1064,Math,Math - A1,2025-07-24 00:00:00,24.49,1,1
Anon#1073,Language,Language Arts - 3,2025-07-21 00:00:00,15.15,1,2
Anon#1073,Math,Math - 3,2025-07-21 00:00:00,11,0.9611650485436893,4
Anon#1073,Math,Math - 3,2025-07-22 00:00:00,8.81,0.9795918367346939,4
Anon#1073,Math,Math - 3,2025-07-23 00:00:00,1.47,1,1
Anon#1073,Reading,901L-1050L,2025-07-21 00:00:00,10.82,1,1
Anon#1073,Science,Science - 4,2025-07-21 00:00:00,10.62,0.9,2
Anon#1088,Math,Grade 1,2025-07-18 00:00:00,27.66,0.9642857142857143,9
Anon#1088,Math,Grade 3,2025-07-19 00:00:00,32.14,0.9333333333333333,2
Anon#1088,Math,Grade 3,2025-07-20 00:00:00,26.98,0.875,0
Anon#1088,Math,Grade 3,2025-07-21 00:00:00,30.01,0.92,4
Anon#1088,Math,Grade 3,2025-07-22 00:00:00,29.26,0.8181818181818182,1
Anon#1088,Math,Grade 3,2025-07-23 00:00:00,34.22,0.9166666666666666,1
Anon#1088,Math,Grade 3,2025-07-24 00:00:00,30.55,0.9333333333333333,1
Anon#1093,Language,Language Arts - 4,2025-07-18 00:00:00,0,1,1
Anon#1093,Language,Language Arts - 4,2025-07-21 00:00:00,35.41,0.8695652173913043,1
Anon#1093,Language,Language Arts - 4,2025-07-22 00:00:00,11.06,,0
Anon#1093,Math,Math - Others,2025-07-22 00:00:00,4.01,0.6666666666666666,0
Anon#1093,Math,Math - Others,2025-07-23 00:00:00,21.37,0.8571428571428571,0
Anon#1093,Reading,751L-900L,2025-07-18 00:00:00,0,1,1
Anon#1093,Reading,901L-1050L,2025-07-18 00:00:00,0,0.5714285714285714,0
Anon#1093,Reading,901L-1050L,2025-07-21 00:00:00,28.25,0.8571428571428571,2
Anon#1093,Reading,901L-1050L,2025-07-23 00:00:00,21.62,0.9285714285714286,2
Anon#1093,Science,Science - 4,2025-07-23 00:00:00,1.52,0.6,0
Anon#1099,Language,Language Arts - 3,2025-07-24 00:00:00,24.57,0.9473684210526315,2
Anon#1099,Math,Math - 3,2025-07-23 00:00:00,296.73,0.7586206896551724,0
Anon#1099,Math,Math - 3,2025-07-24 00:00:00,60.67,0.8125,1
Anon#1099,Math,Math - Others,2025-07-23 00:00:00,0,0,0
Anon#1099,Math,Math - Others,2025-07-24 00:00:00,0,0.8571428571428571,1
Anon#1099,Reading,751L-900L,2025-07-24 00:00:00,0,1,1
Anon#1099,Reading,901L-1050L,2025-07-22 00:00:00,18.41,0.8461538461538461,0
Anon#1099,Reading,901L-1050L,2025-07-24 00:00:00,22.76,0.875,1
Anon#1099,Science,Science - 3,2025-07-24 00:00:00,11.4,0.9090909090909091,1
Anon#1100,Language,Language Arts - 4,2025-07-18 00:00:00,20.45,0.7450980392156863,2
Anon#1100,Language,Language Arts - 4,2025-07-20 00:00:00,3.58,0.5,0
Anon#1100,Language,Language Arts - 4,2025-07-24 00:00:00,41.59,0.5824742268041238,0
Anon#1100,Math,Math - 5,2025-07-18 00:00:00,117.36,0.8408304498269896,9
Anon#1100,Math,Math - 5,2025-07-21 00:00:00,3.55,0.9545454545454546,0
Anon#1100,Math,Math - 5,2025-07-22 00:00:00,15.73,0.8723404255319149,1
Anon#1100,Math,Math - 5,2025-07-23 00:00:00,46.71,0.9166666666666666,2
Anon#1114,Reading,1351L-1500L,2025-07-21 00:00:00,0,0.3333333333333333,0
Anon#1120,Math,Grade 4,2025-07-18 00:00:00,49.65,0.8947368421052632,5
Anon#1120,Math,Grade 4,2025-07-19 00:00:00,27.37,0.9629629629629629,5
Anon#1120,Math,Grade 4,2025-07-20 00:00:00,34.13,0.8846153846153846,5
Anon#1120,Math,Grade 4,2025-07-22 00:00:00,27.46,0.9565217391304348,4
Anon#1120,Math,Grade 4,2025-07-23 00:00:00,27.4,0.8461538461538461,2
Anon#1120,Math,Grade 4,2025-07-24 00:00:00,34.64,0.84,5
Anon#1122,Math,Grade 3,2025-07-18 00:00:00,26.33,1,2
Anon#1122,Math,Grade 3,2025-07-19 00:00:00,4.58,1,1
Anon#1122,Math,Grade 3,2025-07-23 00:00:00,23.33,0.6666666666666666,0
Anon#1122,Math,Grade 4,2025-07-23 00:00:00,0,1,1
Anon#1122,Math,Grade 4,2025-07-24 00:00:00,8.91,0.6666666666666666,1
Anon#1143,Math,Grade 1,2025-07-18 00:00:00,75.49,,
Anon#1143,Math,Grade 1,2025-07-19 00:00:00,0,,
Anon#1143,Math,Grade 1,2025-07-21 00:00:00,0,,
Anon#1143,Math,Grade 1,2025-07-22 00:00:00,0,,
Anon#1143,Math,Grade 2,2025-07-19 00:00:00,28.48,1,0
Anon#1143,Math,Grade 2,2025-07-21 00:00:00,22.45,1,0
Anon#1143,Math,Grade 2,2025-07-22 00:00:00,31.1,1,0
Anon#1143,Math,Grade 2,2025-07-23 00:00:00,0,1,0
Anon#1143,Math,Grade 2,2025-07-24 00:00:00,0,1,0
Anon#1143,Math,Grade 6,2025-07-21 00:00:00,0,0.8571428571428571,1
Anon#1143,Math,Grade 6,2025-07-24 00:00:00,0,1,1
Anon#1145,Math,Grade 7,2025-07-19 00:00:00,0,,
Anon#1145,Math,Grade 7,2025-07-20 00:00:00,0,,
Anon#1145,Math,Grade 7,2025-07-21 00:00:00,0,,
Anon#1145,Math,Grade 7,2025-07-22 00:00:00,0,,
Anon#1145,Math,Grade 7,2025-07-23 00:00:00,0,,
Anon#1145,Math,Grade 7,2025-07-24 00:00:00,0,,
Anon#1145,Math,Kindergarten - Math,2025-07-18 00:00:00,29.55,1,1
Anon#1145,Math,Kindergarten - Math,2025-07-19 00:00:00,39.28,1,1
Anon#1145,Math,Kindergarten - Math,2025-07-20 00:00:00,38.27,1,1
Anon#1145,Math,Kindergarten - Math,2025-07-21 00:00:00,34.87,1,1
Anon#1145,Math,Kindergarten - Math,2025-07-22 00:00:00,32.74,1,1
Anon#1145,Math,Kindergarten - Math,2025-07-23 00:00:00,30.3,1,1
Anon#1145,Math,Kindergarten - Math,2025-07-24 00:00:00,31.04,1,1
Anon#1154,Language,Language Arts - 2,2025-07-18 00:00:00,16.5,0.9047619047619048,1
Anon#1154,Language,Language Arts - 2,2025-07-19 00:00:00,8.39,0.8648648648648649,1
Anon#1154,Language,Language Arts - 3,2025-07-18 00:00:00,0,,0
Anon#1154,Language,Language Arts - 3,2025-07-19 00:00:00,0,,0
Anon#1154,Math,Math - Others,2025-07-18 00:00:00,22.93,0.4,0
Anon#1154,Math,Math - Others,2025-07-19 00:00:00,0.23,,0
Anon#1154,Reading,Amira,2025-07-18 00:00:00,12.98,0.8666666666666667,1
Anon#1154,Reading,Lalilo,2025-07-18 00:00:00,31.57,0.8333333333333334,0
Anon#1154,Reading,Lalilo,2025-07-19 00:00:00,23.36,0.782608695652174,0
Anon#1164,Math,Grade 7,2025-07-19 00:00:00,7.38,1,1
Anon#1164,Math,Grade 7,2025-07-23 00:00:00,10.62,1,1
Anon#1164,Math,Grade 7,2025-07-24 00:00:00,16.55,1,1
Anon#1176,Math,Grade 6,2025-07-19 00:00:00,5.75,0.8888888888888888,0
Anon#1184,Math,Grade 1,2025-07-18 00:00:00,46,0.8571428571428571,7
Anon#1184,Math,Grade 1,2025-07-19 00:00:00,41.56,0.8813559322033898,1
Anon#1184,Math,Grade 1,2025-07-20 00:00:00,99.5,0.8823529411764706,34
Anon#1184,Math,Grade 1,2025-07-21 00:00:00,85.46,0.8628158844765343,24
Anon#1184,Math,Grade 1,2025-07-22 00:00:00,13.15,0.8888888888888888,0
Anon#1184,Math,Grade 1,2025-07-23 00:00:00,16.53,,0
Anon#1184,Math,Grade 1,2025-07-24 00:00:00,2.88,,
Anon#1185,Math,Grade 3,2025-07-18 00:00:00,111.77,0.927461139896373,22
Anon#1185,Math,Grade 3,2025-07-19 00:00:00,9.31,1,1
Anon#1185,Math,Grade 3,2025-07-20 00:00:00,172.35,0.8723404255319149,15
Anon#1185,Math,Grade 3,2025-07-21 00:00:00,85.14,0.8048780487804879,10
Anon#1185,Math,Grade 3,2025-07-22 00:00:00,81.72,0.9134199134199135,22
Anon#1185,Math,Grade 3,2025-07-23 00:00:00,103.41,0.7564102564102564,11
Anon#1208,Math,Geometry,2025-07-20 00:00:00,0,1,0
Anon#1208,Math,Grade 3,2025-07-22 00:00:00,0,1,0
Anon#1208,Math,Grade 6,2025-07-22 00:00:00,0,0.8,0
Anon#1208,Math,Grade 6,2025-07-23 00:00:00,0,0.625,0
Anon#1208,Math,Grade 7,2025-07-18 00:00:00,0,0.3076923076923077,0
Anon#1208,Math,Grade 7,2025-07-19 00:00:00,0,0.6153846153846154,0
Anon#1208,Math,Grade 7,2025-07-23 00:00:00,0,0.3333333333333333,
Anon#1208,Math,Grade 7,2025-07-24 00:00:00,15.41,0.9130434782608695,0
Anon#1208,Math,Math - 1st grade,2025-07-18 00:00:00,0,1,1
Anon#1208,Math,Math - 1st grade,2025-07-19 00:00:00,0,0.6666666666666666,1
Anon#1208,Math,Math - 1st grade,2025-07-20 00:00:00,1.75,1,2
Anon#1208,Math,Math - 1st grade,2025-07-22 00:00:00,3.58,1,1
Anon#1208,Math,Math - 1st grade,2025-07-23 00:00:00,0,0.8888888888888888,2
Anon#1208,Math,Math - 1st grade,2025-07-24 00:00:00,0,0.5714285714285714,1
Anon#1208,Math,Math - 8th grade,2025-07-18 00:00:00,24.4,1,0
Anon#1208,Math,Math - 8th grade,2025-07-19 00:00:00,9.83,1,0
Anon#1208,Math,Math - 8th grade,2025-07-23 00:00:00,15.67,1,0
Anon#1232,Math,Grade 4,2025-07-18 00:00:00,30.66,0.625,1
Anon#1237,Language,Language Arts - 3,2025-07-18 00:00:00,27.3,0.5625,0
Anon#1237,Math,Math - 3,2025-07-18 00:00:00,6.72,1,0
Anon#1237,Reading,3rd Grade,2025-07-18 00:00:00,49.06,,
Anon#1237,Reading,3rd Grade,2025-07-19 00:00:00,129.03,,
Anon#1240,Math,Math - 3,2025-07-18 00:00:00,10.76,0.8780487804878049,2
Anon#1253,Math,Grade 7,2025-07-18 00:00:00,32.37,1,1
Anon#1253,Math,Grade 7,2025-07-19 00:00:00,27.35,1,1
Anon#1253,Math,Grade 7,2025-07-20 00:00:00,12.05,1,1
Anon#1253,Math,Grade 7,2025-07-21 00:00:00,1.36,0.8,1
Anon#1253,Math,Grade 7,2025-07-22 00:00:00,3.54,1,1
Anon#1253,Math,Grade 7,2025-07-23 00:00:00,4.97,0.875,1
Anon#1326,Language,Language Arts - 4,2025-07-20 00:00:00,58.84,0.9719626168224299,4
Anon#1338,Math,Math - 4,2025-07-21 00:00:00,57.15,0.8333333333333334,1
Anon#1338,Math,Math - 4,2025-07-22 00:00:00,0,0.9333333333333333,1
Anon#1338,Math,Math - 4,2025-07-23 00:00:00,63.77,0.9473684210526315,2
Anon#1338,Math,Math - Others,2025-07-22 00:00:00,65.61,1,2
Anon#1372,Math,Grade 1,2025-07-18 00:00:00,0,1,1
Anon#1372,Math,Grade 1,2025-07-19 00:00:00,26.23,1,3
Anon#1372,Math,Grade 1,2025-07-20 00:00:00,28.4,1,3
Anon#1372,Math,Grade 1,2025-07-21 00:00:00,50.36,0.8928571428571429,8
Anon#1372,Math,Grade 1,2025-07-22 00:00:00,0,,
Anon#1372,Math,Grade 1,2025-07-23 00:00:00,0,1,0
Anon#1372,Math,Grade 1,2025-07-24 00:00:00,28.21,0.9545454545454546,0
Anon#1372,Math,Grade 2,2025-07-18 00:00:00,32.4,0.9166666666666666,6
Anon#1372,Math,Grade 2,2025-07-22 00:00:00,9,1,1
Anon#1372,Math,Grade 2,2025-07-23 00:00:00,34.85,0.9565217391304348,3
Anon#1387,Science,Science - 3,2025-07-22 00:00:00,1.27,0.8571428571428571,0
Anon#1399,Math,Grade 8 Math Supplementary Course,2025-07-18 00:00:00,5.01,,
Anon#1407,Math,Grade 3,2025-07-18 00:00:00,38.21,1,1
Anon#1407,Math,Grade 3,2025-07-19 00:00:00,30.11,1,1
Anon#1410,Math,Grade 3,2025-07-19 00:00:00,0,1,0
Anon#1410,Math,Grade 3,2025-07-22 00:00:00,0,1,0
Anon#1410,Math,Grade 4,2025-07-18 00:00:00,0,1,0
Anon#1410,Math,Grade 4,2025-07-20 00:00:00,0,1,0
Anon#1410,Math,Grade 4,2025-07-21 00:00:00,0,1,0
Anon#1410,Math,Grade 4,2025-07-23 00:00:00,0,,0
Anon#1410,Math,Grade 4,2025-07-24 00:00:00,0,1,0
Anon#1422,Math,Grade 3,2025-07-18 00:00:00,47.88,0.9528795811518325,22
Anon#1422,Math,Grade 3,2025-07-19 00:00:00,36.63,0.9444444444444444,3
Anon#1422,Math,Grade 3,2025-07-20 00:00:00,35.4,0.7297297297297297,6
Anon#1422,Math,Grade 3,2025-07-21 00:00:00,141.02,0.8679245283018868,20
Anon#1445,Math,Math - 6,2025-07-18 00:00:00,10.5,0.9090909090909091,1
Anon#1445,Math,Math - 6,2025-07-21 00:00:00,54.83,0.9147286821705426,5
Anon#1445,Math,Math - 6,2025-07-22 00:00:00,65.59,0.9122807017543859,2
Anon#1445,Math,Math - 6,2025-07-23 00:00:00,49.16,0.84375,4
Anon#1445,Math,Math - Others,2025-07-22 00:00:00,0,0.7391304347826086,1
Anon#1445,Math,Math - Others,2025-07-24 00:00:00,29.87,0.6470588235294118,0
Anon#1445,Science,Science - 6,2025-07-18 00:00:00,4.4,0.6153846153846154,0
Anon#1445,Science,Science - 6,2025-07-21 00:00:00,1.81,,0
Anon#1445,Science,Science - 6,2025-07-24 00:00:00,83.61,0.8578680203045685,4
Anon#1445,Science,Science - 7,2025-07-24 00:00:00,0,0.851063829787234,1
Anon#1445,Science,Science - Others,2025-07-24 00:00:00,0,0.7647058823529411,3
Anon#1455,Math,Grade 3,2025-07-22 00:00:00,14.79,0.7407407407407407,3
Anon#1455,Math,Grade 3,2025-07-23 00:00:00,2.23,0.8,1
Anon#1455,Math,Grade 3,2025-07-24 00:00:00,23.11,0.8947368421052632,9
Anon#1478,Reading,901L-1050L,2025-07-18 00:00:00,10.29,1,0
Anon#1522,Math,Algebra II,2025-07-18 00:00:00,52.3,1,1
Anon#1522,Math,Geometry,2025-07-20 00:00:00,50.13,0.8,1
Anon#1522,Math,Geometry,2025-07-21 00:00:00,11.43,1,1
Anon#1522,Math,Geometry,2025-07-22 00:00:00,49.06,1,1
Anon#1522,Math,Grade 2,2025-07-18 00:00:00,0,,0
Anon#1522,Math,Grade 2,2025-07-19 00:00:00,21.57,,0
Anon#1522,Math,Grade 2,2025-07-20 00:00:00,0,,0
Anon#1522,Math,Grade 2,2025-07-21 00:00:00,0,,0
Anon#1522,Math,Grade 2,2025-07-22 00:00:00,0,,0
Anon#1522,Math,Grade 5,2025-07-22 00:00:00,0,,
Anon#1524,Reading,751L-900L,2025-07-18 00:00:00,11.26,1,1
Anon#1529,Math,Grade 6,2025-07-18 00:00:00,29.45,0.8235294117647058,3
Anon#1529,Math,Grade 6,2025-07-19 00:00:00,31.51,0.9629629629629629,6
Anon#1529,Math,Grade 6,2025-07-20 00:00:00,31.97,0.7419354838709677,5
Anon#1529,Math,Grade 6,2025-07-21 00:00:00,26.52,0.84,5
Anon#1529,Math,Grade 6,2025-07-22 00:00:00,26.51,0.7777777777777778,4
Anon#1529,Math,Grade 6,2025-07-23 00:00:00,27.86,,0
Anon#1547,Math,Grade 7,2025-07-22 00:00:00,15.84,,0
Anon#1551,Math,1st Grade - Math,2025-07-23 00:00:00,30.95,0.9130434782608695,3
Anon#1551,Math,Grade 1,2025-07-21 00:00:00,36.21,0.9591836734693877,4
Anon#1551,Math,Grade 1,2025-07-24 00:00:00,37.32,0.9591836734693877,15
Anon#1551,Math,Grade 2,2025-07-23 00:00:00,0,1,1
Anon#1551,Math,Grade 2,2025-07-24 00:00:00,0,1,3
Anon#1551,Math,Grade 3,2025-07-18 00:00:00,20.48,0.72,1
Anon#1551,Math,Grade 3,2025-07-19 00:00:00,48.71,0.8666666666666667,4
Anon#1551,Math,Kindergarten - Math,2025-07-21 00:00:00,0,1,1
Anon#1563,Math,Grade 1,2025-07-18 00:00:00,9.07,0.8285714285714286,0
Anon#1563,Math,Grade 1,2025-07-19 00:00:00,4.03,0.9047619047619048,0
Anon#1563,Math,Grade 1,2025-07-20 00:00:00,22.74,0.8918918918918919,1
Anon#1563,Math,Grade 1,2025-07-21 00:00:00,26.43,0.8666666666666667,1
Anon#1563,Math,Grade 1,2025-07-22 00:00:00,27.46,0.8103448275862069,8
Anon#1563,Math,Grade 1,2025-07-24 00:00:00,18.62,0.7037037037037037,0
Anon#1583,Math,Grade 4,2025-07-21 00:00:00,24.47,0.6774193548387096,2
Anon#1583,Math,Grade 4,2025-07-22 00:00:00,18.37,0.7894736842105263,2
Anon#1587,Language,Language Arts - 4,2025-07-19 00:00:00,1.03,0.6,0
Anon#1587,Language,Language Arts - 4,2025-07-21 00:00:00,0.63,0.3333333333333333,0
Anon#1587,Language,Language Arts - 4,2025-07-23 00:00:00,23.91,0.76,0
Anon#1587,Math,Math - 3,2025-07-19 00:00:00,13.32,0.9577464788732394,3
Anon#1587,Math,Math - 3,2025-07-21 00:00:00,0.48,1,1
Anon#1587,Reading,751L-900L,2025-07-21 00:00:00,15.38,0.6428571428571429,1
Anon#1587,Science,Science - 3,2025-07-19 00:00:00,5.58,0.9411764705882353,1
Anon#1587,Science,Science - 3,2025-07-23 00:00:00,11.32,1,1
Anon#1589,Math,Geometry,2025-07-24 00:00:00,34.99,0.625,1
Anon#1589,Math,Grade 5,2025-07-22 00:00:00,0,1,0
Anon#1589,Math,Grade 7,2025-07-18 00:00:00,30.67,0.8571428571428571,1
Anon#1589,Math,Grade 7,2025-07-19 00:00:00,29.55,0.9047619047619048,1
Anon#1589,Math,Grade 7,2025-07-20 00:00:00,31.66,1,2
Anon#1589,Math,Grade 7,2025-07-21 00:00:00,33.33,0.6666666666666666,1
Anon#1589,Math,Grade 7,2025-07-22 00:00:00,30.45,0.8666666666666667,7
Anon#1589,Math,Grade 7,2025-07-23 00:00:00,31.28,0.8,1
Anon#1589,Math,Grade 7,2025-07-24 00:00:00,0,0.6,1
Anon#1601,Math,Grade 5,2025-07-18 00:00:00,12.97,,0
Anon#1601,Math,Grade 5,2025-07-19 00:00:00,5.16,,0
Anon#1601,Math,Grade 5,2025-07-20 00:00:00,5.38,,0
Anon#1601,Math,Grade 5,2025-07-21 00:00:00,12.99,,0
Anon#1601,Math,Grade 5,2025-07-22 00:00:00,9.87,,0
Anon#1601,Math,Grade 5,2025-07-23 00:00:00,3.7,1,1
Anon#1601,Math,Grade 5,2025-07-24 00:00:00,12.81,,3
Anon#1604,Math,Grade 1,2025-07-19 00:00:00,20.89,0.9240506329113924,11
Anon#1634,Math,Grade 6,2025-07-18 00:00:00,26.71,0.8888888888888888,2
Anon#1634,Math,Grade 6,2025-07-19 00:00:00,35.48,0.9354838709677419,4
Anon#1634,Math,Grade 6,2025-07-20 00:00:00,27.42,0.9545454545454546,3
Anon#1634,Math,Grade 6,2025-07-21 00:00:00,32.56,0.9090909090909091,5
Anon#1634,Math,Grade 6,2025-07-23 00:00:00,28.02,1,1
Anon#1634,Math,Grade 6,2025-07-24 00:00:00,19.06,,0
Anon#1638,Math,Grade 7,2025-07-20 00:00:00,14.05,,0
Anon#1638,Math,Grade 7,2025-07-21 00:00:00,27.49,0.8571428571428571,4
Anon#1638,Math,Grade 7,2025-07-23 00:00:00,18.41,0.8,2
Anon#1645,Math,Grade 1,2025-07-18 00:00:00,31.77,0.9905660377358491,24
Anon#1645,Math,Grade 1,2025-07-19 00:00:00,31.34,0.9767441860465116,6
Anon#1645,Math,Grade 1,2025-07-20 00:00:00,47.72,0.9836065573770492,10
Anon#1645,Math,Grade 1,2025-07-21 00:00:00,23.66,1,3
Anon#1645,Math,Grade 1,2025-07-22 00:00:00,30.25,0.9487179487179487,7
Anon#1645,Math,Grade 1,2025-07-23 00:00:00,31.07,1,10
Anon#1645,Math,Grade 1,2025-07-24 00:00:00,29.34,0.95,7
Anon#1705,Math,Math - 6,2025-07-22 00:00:00,81.39,0.8947368421052632,1
Anon#1705,Math,Math - 6,2025-07-23 00:00:00,0,0.7619047619047619,0
Anon#1705,Math,Math - 6,2025-07-24 00:00:00,109.95,0.8225806451612904,1
Anon#1705,Math,Math - Others,2025-07-22 00:00:00,0,0.8235294117647058,1
Anon#1705,Math,Math - Others,2025-07-23 00:00:00,87.13,0.6470588235294118,1
Anon#1760,Math,Grade 1,2025-07-18 00:00:00,14.01,,0
Anon#1760,Math,Grade 1,2025-07-19 00:00:00,32.11,,0
Anon#1760,Math,Grade 1,2025-07-20 00:00:00,9.2,,0
Anon#1760,Math,Grade 1,2025-07-21 00:00:00,9.83,,0
Anon#1760,Math,Grade 1,2025-07-24 00:00:00,12.98,1,0
Anon#1803,Math,Math - 6,2025-07-18 00:00:00,102.35,0.8918918918918919,5
Anon#1803,Math,Math - 6,2025-07-21 00:00:00,30.72,1,0
Anon#1803,Math,Math - 6,2025-07-22 00:00:00,81.29,0.8378378378378378,5
Anon#1803,Science,Science - 5,2025-07-22 00:00:00,35.77,0.859375,1
Anon#1803,Science,Science - 6,2025-07-18 00:00:00,0,0.9166666666666666,1
Anon#1803,Science,Science - 7,2025-07-18 00:00:00,0,0.8888888888888888,1
Anon#1803,Science,Science - Others,2025-07-18 00:00:00,51.36,0.7142857142857143,1
Anon#1803,Science,Science - Others,2025-07-21 00:00:00,44.35,0.7647058823529411,0
Anon#1803,Science,Science - Others,2025-07-22 00:00:00,0,0.8,1
Anon#1807,Language,Language Arts - 5,2025-07-21 00:00:00,5.42,1,1
Anon#1807,Language,Language Arts - 5,2025-07-22 00:00:00,3.68,0.9354838709677419,1
Anon#1807,Math,Math - 5,2025-07-21 00:00:00,11.09,0.9642857142857143,1
Anon#1807,Math,Math - 5,2025-07-22 00:00:00,17.03,0.72,1
Anon#1807,Reading,1051L-1200L,2025-07-22 00:00:00,20.88,0.5555555555555556,0
Anon#1807,Reading,1051L-1200L,2025-07-23 00:00:00,0,1,1
Anon#1807,Reading,601L-750L,2025-07-23 00:00:00,3.1,0.4444444444444444,0
Anon#1807,Reading,901L-1050L,2025-07-21 00:00:00,14.14,0.8888888888888888,1
Anon#1807,Reading,901L-1050L,2025-07-22 00:00:00,0,0.8571428571428571,1
Anon#1807,Science,Science - 5,2025-07-21 00:00:00,5.21,1,1
Anon#1807,Science,Science - 5,2025-07-22 00:00:00,13.46,0.8260869565217391,1
Anon#1814,Math,Grade 3,2025-07-22 00:00:00,1.43,1,1
Anon#1814,Math,Grade 3,2025-07-23 00:00:00,7.59,0.6363636363636364,0
Anon#1814,Math,Grade 3,2025-07-24 00:00:00,2.58,1,2
Anon#1819,Math,Grade 6,2025-07-20 00:00:00,34.07,1,0
Anon#1832,Language,Language Arts - 8,2025-07-18 00:00:00,0.78,0,0
Anon#1832,Language,Language Arts - 8,2025-07-19 00:00:00,10.58,0.6979166666666666,1
Anon#1832,Language,Language Arts - 8,2025-07-21 00:00:00,37.12,0.581081081081081,1
Anon#1832,Math,Grade 7,2025-07-21 00:00:00,0.17,,
Anon#1832,Math,Math - 8,2025-07-18 00:00:00,1,0.5,0
Anon#1832,Math,Math - 8,2025-07-19 00:00:00,31.71,0.8,1
Anon#1832,Math,Math - 8,2025-07-20 00:00:00,145.46,0.7521367521367521,1
Anon#1832,Math,Math - 8,2025-07-21 00:00:00,352.93,0.7026143790849673,2
Anon#1832,Reading,1051L-1200L,2025-07-20 00:00:00,0,0.875,1
Anon#1832,Reading,301L-450L,2025-07-21 00:00:00,0,0.875,1
Anon#1832,Reading,451L-600L,2025-07-21 00:00:00,48.29,0.8,1
Anon#1832,Reading,751L-900L,2025-07-21 00:00:00,0,0.3333333333333333,0
Anon#1832,Reading,901L-1050L,2025-07-20 00:00:00,33.39,0.8888888888888888,1
Anon#1832,Reading,901L-1050L,2025-07-21 00:00:00,0,0.5714285714285714,0
Anon#1832,Science,Science - 7,2025-07-21 00:00:00,3.77,0.8333333333333334,0
Anon#1845,Math,Grade 5,2025-07-18 00:00:00,37.01,1,1
Anon#1845,Math,Grade 5,2025-07-22 00:00:00,32.16,0.7777777777777778,0
Anon#1845,Math,Grade 6,2025-07-19 00:00:00,29.62,0.875,1
Anon#1845,Math,Grade 6,2025-07-20 00:00:00,52.75,1,2
Anon#1845,Math,Grade 6,2025-07-21 00:00:00,26.23,1,1
Anon#1845,Math,Grade 6,2025-07-22 00:00:00,0,1,2
Anon#1845,Math,Grade 6,2025-07-23 00:00:00,34.39,1,1
Anon#1845,Math,Grade 6,2025-07-24 00:00:00,25.25,1,1
Anon#1847,Math,Algebra I,2025-07-22 00:00:00,0,1,1
Anon#1847,Math,Algebra I,2025-07-23 00:00:00,2.92,,
Anon#1847,Math,Algebra I,2025-07-24 00:00:00,23.66,1,4
Anon#1847,Math,Grade 6,2025-07-20 00:00:00,60.45,0.8,1
Anon#1847,Math,Grade 7,2025-07-20 00:00:00,0,,0
Anon#1847,Math,Grade 7,2025-07-21 00:00:00,28.77,1,0
Anon#1847,Math,Grade 7,2025-07-22 00:00:00,26.41,1,0
Anon#1847,Math,Math - 8th grade,2025-07-20 00:00:00,0,,0
Anon#1847,Math,Math - 8th grade,2025-07-24 00:00:00,0,,3
Anon#1858,Math,Math - K,2025-07-23 00:00:00,23.89,0.8,1
Anon#1858,Math,Math - Others,2025-07-23 00:00:00,0,0.7894736842105263,1
Anon#1871,Language,Language Arts - 3,2025-07-18 00:00:00,8.87,0.8333333333333334,1
Anon#1871,Language,Language Arts - 3,2025-07-21 00:00:00,45.25,0.8679245283018868,2
Anon#1871,Language,Language Arts - 3,2025-07-22 00:00:00,1.45,0.25,0
Anon#1871,Math,Math - 3,2025-07-18 00:00:00,0,1,1
Anon#1871,Math,Math - 3,2025-07-21 00:00:00,10.22,0.9605263157894737,3
Anon#1871,Math,Math - 3,2025-07-22 00:00:00,14.44,0.9090909090909091,1
Anon#1871,Math,Math - 3,2025-07-24 00:00:00,0,0.9310344827586207,1
Anon#1871,Math,Math - Others,2025-07-18 00:00:00,6.76,1,2
Anon#1871,Math,Math - Others,2025-07-22 00:00:00,0,0.7272727272727273,0
Anon#1871,Math,Math - Others,2025-07-24 00:00:00,22.14,0.8378378378378378,2
Anon#1882,Math,Mathacademy,2025-07-18 00:00:00,0,0.8271604938271605,14
Anon#1882,Math,Mathacademy,2025-07-21 00:00:00,0,0.7272727272727273,9
Anon#1882,Math,Mathacademy,2025-07-22 00:00:00,0,0.7368421052631579,12
Anon#1897,Language,Language Arts - 4,2025-07-18 00:00:00,6.94,1,1
Anon#1897,Language,Language Arts - 4,2025-07-24 00:00:00,13.07,0.9104477611940298,2
Anon#1897,Language,Language Arts - 5,2025-07-21 00:00:00,29.73,0.673469387755102,0
Anon#1897,Language,Language Arts - 5,2025-07-23 00:00:00,21.39,0.8372093023255814,1
Anon#1897,Math,Math - 4,2025-07-18 00:00:00,28.32,0.9302325581395349,2
Anon#1897,Math,Math - 4,2025-07-21 00:00:00,0,0.9411764705882353,1
Anon#1897,Math,Math - 4,2025-07-23 00:00:00,0,0.8947368421052632,1
Anon#1897,Math,Math - 4,2025-07-24 00:00:00,26.62,0.8695652173913043,1
Anon#1897,Math,Math - Others,2025-07-21 00:00:00,25.14,0.9310344827586207,1
Anon#1897,Math,Math - Others,2025-07-23 00:00:00,23.51,0.8,1
Anon#1897,Reading,1051L-1200L,2025-07-18 00:00:00,37.55,0.8571428571428571,2
Anon#1897,Reading,901L-1050L,2025-07-23 00:00:00,26.23,0.7142857142857143,0
Anon#1897,Science,Science - 3,2025-07-18 00:00:00,1.94,1,0
Anon#1897,Science,Science - 3,2025-07-21 00:00:00,18.01,0.7419354838709677,0
Anon#1897,Science,Science - 3,2025-07-23 00:00:00,22.16,0.8441558441558441,1
Anon#1897,Science,Science - 3,2025-07-24 00:00:00,11.58,0.3333333333333333,0
Anon#1903,Language,Language Arts - 1,2025-07-20 00:00:00,0,0.9285714285714286,1
Anon#1903,Language,Language Arts - 1,2025-07-21 00:00:00,6.93,1,3
Anon#1903,Language,Language Arts - 2,2025-07-20 00:00:00,26.98,0.8571428571428571,3
Anon#1903,Language,Language Arts - 2,2025-07-22 00:00:00,19.65,0.8345323741007195,3
Anon#1903,Language,Language Arts - 2,2025-07-23 00:00:00,24.02,0.8068181818181818,3
Anon#1903,Math,Math - 1,2025-07-20 00:00:00,15.85,0.95,2
Anon#1903,Math,Math - 1,2025-07-21 00:00:00,33.36,0.8192771084337349,3
Anon#1903,Math,Math - 1,2025-07-22 00:00:00,4.39,0.9411764705882353,1
Anon#1903,Math,Math - 1,2025-07-23 00:00:00,0,0.9393939393939394,2
Anon#1903,Math,Math - Others,2025-07-20 00:00:00,0,1,1
Anon#1903,Math,Math - Others,2025-07-22 00:00:00,0,1,0
Anon#1903,Math,Math - Others,2025-07-23 00:00:00,16.87,0.8732394366197183,3
Anon#1903,Reading,1051L-1200L,2025-07-21 00:00:00,0,0.4444444444444444,0
Anon#1903,Reading,1051L-1200L,2025-07-22 00:00:00,0,0.5555555555555556,0
Anon#1903,Reading,1051L-1200L,2025-07-23 00:00:00,0,0.375,0
Anon#1903,Reading,751L-900L,2025-07-23 00:00:00,0,0.375,0
Anon#1903,Reading,901L-1050L,2025-07-21 00:00:00,30.14,0.5294117647058824,0
Anon#1903,Reading,901L-1050L,2025-07-22 00:00:00,28,0.5625,0
Anon#1903,Reading,901L-1050L,2025-07-23 00:00:00,17.43,0.375,0
Anon#1903,Science,Science - 3,2025-07-20 00:00:00,13.08,0.7735849056603774,3
Anon#1903,Science,Science - 3,2025-07-21 00:00:00,0.18,,0
Anon#1903,Science,Science - 3,2025-07-23 00:00:00,3.23,0.8787878787878788,2
Anon#1917,Math,Grade 3,2025-07-20 00:00:00,33.83,0.8297872340425532,6
Anon#1917,Math,Grade 3,2025-07-21 00:00:00,32.25,0.8484848484848485,0
Anon#1917,Math,Grade 3,2025-07-22 00:00:00,31.49,0.8653846153846154,1
Anon#1917,Math,Grade 3,2025-07-23 00:00:00,77.23,0.8936170212765957,2
Anon#1920,Language,Language Arts - 4,2025-07-18 00:00:00,15.68,1,1
Anon#1920,Language,Language Arts - 4,2025-07-21 00:00:00,8.92,0.9642857142857143,1
Anon#1920,Language,Language Arts - 4,2025-07-22 00:00:00,23.9,0.9285714285714286,1
Anon#1920,Math,Math - 3,2025-07-18 00:00:00,25.18,1,1
Anon#1920,Math,Math - 3,2025-07-21 00:00:00,91.63,0.7391304347826086,1
Anon#1920,Math,Math - 3,2025-07-22 00:00:00,56.86,0.7666666666666667,1
Anon#1920,Math,Math - 3,2025-07-23 00:00:00,36.14,1,1
Anon#1920,Reading,1051L-1200L,2025-07-21 00:00:00,25.83,0.8888888888888888,1
Anon#1920,Science,Science - 2,2025-07-18 00:00:00,4.43,1,0
Anon#1920,Science,Science - 2,2025-07-21 00:00:00,4.84,1,0
Anon#1920,Science,Science - 4,2025-07-22 00:00:00,40.4,0.96875,1
Anon#1920,Science,Science - 4,2025-07-23 00:00:00,3.03,0.6666666666666666,0
Anon#1921,Language,Language Arts - 10,2025-07-22 00:00:00,8.86,0.96,1
Anon#1921,Math,Math - 8,2025-07-22 00:00:00,60.01,0.7692307692307693,1
Anon#1921,Reading,901L-1050L,2025-07-22 00:00:00,13.72,0.8888888888888888,1
Anon#1921,Science,Science - 7,2025-07-22 00:00:00,18.51,0.8571428571428571,0
Anon#1921,Social Studies,Social Studies - 5,2025-07-22 00:00:00,13.38,0.868421052631579,0
Anon#1926,Math,Math - 4,2025-07-23 00:00:00,16.29,0.9705882352941176,1
Anon#1935,Math,Grade 1,2025-07-23 00:00:00,0,,
Anon#1935,Math,Kindergarten - Math,2025-07-21 00:00:00,56.86,0.8222222222222222,7
Anon#1935,Math,Kindergarten - Math,2025-07-23 00:00:00,15.25,1,22
Anon#1946,Math,Algebra I,2025-07-18 00:00:00,23.53,1,1
Anon#1946,Math,Algebra I,2025-07-19 00:00:00,18.42,1,1
Anon#1946,Math,Algebra I,2025-07-20 00:00:00,8.78,1,1
Anon#1946,Math,Algebra I,2025-07-21 00:00:00,10.64,0.8,1
Anon#1946,Math,Algebra I,2025-07-22 00:00:00,32.24,0.8,1
Anon#1946,Math,Algebra I,2025-07-23 00:00:00,17.15,1,0
Anon#1946,Math,Algebra I,2025-07-24 00:00:00,17.6,1,1
Anon#1951,Math,Grade 4,2025-07-21 00:00:00,0,0.9090909090909091,1
Anon#1951,Math,Grade 4,2025-07-22 00:00:00,0,0.7164179104477612,7
Anon#1958,Math,Grade 3,2025-07-18 00:00:00,34.68,0.6666666666666666,0
Anon#1958,Math,Grade 3,2025-07-19 00:00:00,26.12,0.8,0
Anon#1958,Math,Grade 3,2025-07-20 00:00:00,22.38,,0
Anon#1958,Math,Grade 3,2025-07-21 00:00:00,25.12,0.9583333333333334,0
Anon#1958,Math,Grade 3,2025-07-24 00:00:00,29.57,0.9615384615384616,0
Anon#1958,Math,Grade 4,2025-07-20 00:00:00,0,,
Anon#1965,Math,Grade 2,2025-07-20 00:00:00,10.42,0.875,1
Anon#1965,Math,Grade 2,2025-07-21 00:00:00,11.92,1,1
Anon#1965,Math,Grade 2,2025-07-22 00:00:00,22.6,1,1
Anon#1965,Math,Grade 2,2025-07-23 00:00:00,8.36,0.875,1
Anon#1965,Math,Grade 4,2025-07-19 00:00:00,18.16,0.8,0
Anon#1965,Math,Grade 4,2025-07-20 00:00:00,0,,
Anon#1965,Math,Grade 4,2025-07-21 00:00:00,0,,
Anon#1965,Math,Grade 4,2025-07-23 00:00:00,0,,
Anon#1966,Math,Grade 4,2025-07-18 00:00:00,32.69,,0
Anon#1966,Math,Grade 4,2025-07-19 00:00:00,10.06,1,2
Anon#1966,Math,Grade 4,2025-07-20 00:00:00,42.5,1,1
Anon#1966,Math,Grade 4,2025-07-21 00:00:00,48.22,0.875,1
Anon#1966,Math,Grade 4,2025-07-22 00:00:00,15.38,1,
Anon#1966,Math,Grade 4,2025-07-23 00:00:00,30.13,1,2
Anon#1966,Math,Grade 4,2025-07-24 00:00:00,27.25,1,1
Anon#1978,Math,Grade 3,2025-07-21 00:00:00,34.58,1,0
Anon#1978,Math,Grade 5,2025-07-18 00:00:00,29.85,1,2
Anon#1978,Math,Grade 5,2025-07-19 00:00:00,29.91,,0
Anon#1978,Math,Grade 5,2025-07-20 00:00:00,20.55,,0
Anon#1978,Math,Grade 5,2025-07-21 00:00:00,0,1,1
Anon#1978,Math,Grade 5,2025-07-22 00:00:00,30.79,0.875,0
Anon#1978,Math,Grade 5,2025-07-23 00:00:00,29.96,1,1
Anon#1978,Math,Grade 5,2025-07-24 00:00:00,31.13,1,1
Anon#1981,Language,Language - 3rd grade,2025-07-23 00:00:00,4.51,0.625,1
Anon#1981,Language,Language Arts - 3,2025-07-18 00:00:00,6.01,0.7878787878787878,1
Anon#1981,Language,Language Arts - 3,2025-07-20 00:00:00,2.86,0.8260869565217391,0
Anon#1981,Language,Language Arts - 3,2025-07-23 00:00:00,6.25,0.8461538461538461,1
Anon#1981,Math,Math - 3,2025-07-18 00:00:00,7.45,0.8541666666666666,2
Anon#1981,Math,Math - 3,2025-07-19 00:00:00,0.97,1,0
Anon#1981,Math,Math - 3,2025-07-20 00:00:00,6.76,0.9090909090909091,2
Anon#1981,Math,Math - 3,2025-07-23 00:00:00,9.64,0.6071428571428571,0
Anon#1981,Reading,601L-750L,2025-07-18 00:00:00,0,0.75,0
Anon#1981,Reading,601L-750L,2025-07-20 00:00:00,0,1,1
Anon#1981,Reading,751L-900L,2025-07-18 00:00:00,7.49,0.875,1
Anon#1981,Reading,751L-900L,2025-07-20 00:00:00,8.4,0.5714285714285714,0
Anon#1981,Reading,751L-900L,2025-07-23 00:00:00,0,0.7142857142857143,0
Anon#1981,Reading,901L-1050L,2025-07-23 00:00:00,17.13,0.8571428571428571,1
Anon#1981,Science,Science - 1,2025-07-23 00:00:00,0,0.9523809523809523,2
Anon#1981,Science,Science - 3,2025-07-19 00:00:00,1.63,0.6,0
Anon#1981,Science,Science - 3,2025-07-20 00:00:00,1.11,1,1
Anon#1981,Science,Science - 3,2025-07-23 00:00:00,10.54,0.7368421052631579,2
Anon#1985,Reading,1351L-1500L,2025-07-18 00:00:00,0,0.6666666666666666,0
Anon#2008,Reading,Lalilo,2025-07-24 00:00:00,0,0.6595744680851063,0
Anon#2092,Language,Language Arts - 3,2025-07-18 00:00:00,6.45,0.9411764705882353,1
Anon#2092,Language,Language Arts - 3,2025-07-19 00:00:00,16.61,0.9622641509433962,2
Anon#2092,Language,Language Arts - 3,2025-07-20 00:00:00,0.32,1,1
Anon#2092,Language,Language Arts - 3,2025-07-21 00:00:00,10.17,0.9090909090909091,2
Anon#2092,Language,Language Arts - 3,2025-07-22 00:00:00,7.21,0.9795918367346939,2
Anon#2092,Language,Language Arts - 3,2025-07-24 00:00:00,27.83,0.875,1
Anon#2092,Math,Math - 5,2025-07-20 00:00:00,1.61,0.9375,1
Anon#2092,Math,Math - 5,2025-07-21 00:00:00,11.07,0.96875,2
Anon#2092,Math,Math - Others,2025-07-18 00:00:00,10.16,0.9444444444444444,0
Anon#2092,Math,Math - Others,2025-07-19 00:00:00,11.44,0.8780487804878049,2
Anon#2092,Science,Science - 3,2025-07-19 00:00:00,1.36,1,0
Anon#2092,Science,Science - 3,2025-07-21 00:00:00,9.58,0.8181818181818182,0
Anon#2092,Science,Science - 3,2025-07-22 00:00:00,13.84,0.8148148148148148,0
Anon#2101,Math,Grade 2,2025-07-22 00:00:00,0,1,0
Anon#2101,Math,Grade 2,2025-07-23 00:00:00,0,1,
Anon#2101,Math,Grade 2,2025-07-24 00:00:00,0,,
Anon#2101,Math,Grade 3,2025-07-22 00:00:00,0,1,
Anon#2101,Math,Grade 3,2025-07-23 00:00:00,0,,
Anon#2101,Math,Grade 3,2025-07-24 00:00:00,0,,
Anon#2101,Math,Grade 4,2025-07-22 00:00:00,32.82,1,1
Anon#2101,Math,Grade 4,2025-07-23 00:00:00,0,,
Anon#2101,Math,Grade 4,2025-07-24 00:00:00,39.54,0,
Anon#2101,Math,Grade 5,2025-07-23 00:00:00,43.05,1,1
Anon#2101,Math,Grade 5,2025-07-24 00:00:00,0,0,
Anon#2108,Math,Math - 8th grade,2025-07-18 00:00:00,38.58,,2
Anon#2108,Math,Math - 8th grade,2025-07-20 00:00:00,37.61,0.7777777777777778,0
Anon#2108,Math,Math - 8th grade,2025-07-23 00:00:00,16.68,,0
Anon#2119,Math,Math - 6,2025-07-24 00:00:00,1.04,,0
Anon#2168,Math,4th Grade,2025-07-23 00:00:00,0,1,0
Anon#2168,Math,5th Grade,2025-07-23 00:00:00,0,0.5333333333333333,0
Anon#2168,Math,5th Grade,2025-07-24 00:00:00,0,0.7142857142857143,0
Anon#2185,Math,Grade 3,2025-07-21 00:00:00,19.39,0.5,0
Anon#2185,Math,Grade 3,2025-07-22 00:00:00,14.41,0.875,0
Anon#2193,Science,Science - 3,2025-07-18 00:00:00,10.55,0.7777777777777778,1
Anon#2193,Science,Science - 3,2025-07-22 00:00:00,14.25,0.9583333333333334,1
Anon#2212,Math,Grade 3,2025-07-18 00:00:00,1.91,1,1
Anon#2212,Math,Grade 4,2025-07-19 00:00:00,10.42,0.8421052631578947,2
Anon#2212,Math,Grade 4,2025-07-20 00:00:00,5.16,0.8636363636363636,2
Anon#2212,Math,Grade 4,2025-07-21 00:00:00,11.75,0.8214285714285714,4
Anon#2212,Math,Grade 4,2025-07-23 00:00:00,2.13,1,1
Anon#2212,Math,Grade 4,2025-07-24 00:00:00,1.17,0.8,1
Anon#2227,Math,1st Grade - Math,2025-07-21 00:00:00,28,0.9285714285714286,15
Anon#2227,Math,Grade 1,2025-07-18 00:00:00,29.71,0.9545454545454546,6
Anon#2227,Math,Grade 1,2025-07-20 00:00:00,0,,
Anon#2227,Math,Grade 1,2025-07-22 00:00:00,27.95,0.9642857142857143,9
Anon#2227,Math,Grade 1,2025-07-24 00:00:00,33.25,0.8536585365853658,2
Anon#2227,Math,Grade 2,2025-07-19 00:00:00,25.97,0.8148148148148148,9
Anon#2227,Math,Grade 2,2025-07-20 00:00:00,28.03,0.9230769230769231,3
Anon#2227,Math,Grade 2,2025-07-23 00:00:00,30.98,0.9411764705882353,2
Anon#2228,Math,Grade 4,2025-07-23 00:00:00,42.19,,0
Anon#2229,Math,Grade 4,2025-07-19 00:00:00,27.85,1,0
Anon#2229,Math,Grade 6,2025-07-22 00:00:00,12.4,0.8,1
Anon#2229,Math,Grade 6,2025-07-23 00:00:00,7.9,1,1
Anon#2229,Math,Grade 6,2025-07-24 00:00:00,8.42,0.8,1
Anon#2245,Math,Grade 4,2025-07-19 00:00:00,35.56,1,0
Anon#2245,Math,Grade 4,2025-07-21 00:00:00,33.93,0.9722222222222222,0
Anon#2245,Math,Math - 8th grade,2025-07-18 00:00:00,41.06,0.8,1
Anon#2245,Math,Math - 8th grade,2025-07-19 00:00:00,0,0.5714285714285714,1
Anon#2245,Math,Math - 8th grade,2025-07-20 00:00:00,28.02,1,1
Anon#2245,Math,Math - 8th grade,2025-07-21 00:00:00,0,0.6521739130434783,1
Anon#2245,Math,Math - 8th grade,2025-07-22 00:00:00,35.19,1,1
Anon#2245,Math,Math - 8th grade,2025-07-23 00:00:00,41.28,1,1
Anon#2245,Math,Math - 8th grade,2025-07-24 00:00:00,36.27,1,1
Anon#2253,Math,Algebra I,2025-07-24 00:00:00,0,1,0
Anon#2253,Math,Grade 6,2025-07-18 00:00:00,9.26,0.9459459459459459,0
Anon#2253,Math,Grade 6,2025-07-19 00:00:00,10.14,0.9375,0
Anon#2253,Math,Grade 6,2025-07-20 00:00:00,12.15,0.9285714285714286,0
Anon#2253,Math,Grade 6,2025-07-22 00:00:00,21.2,0.8441558441558441,0
Anon#2253,Math,Grade 7,2025-07-22 00:00:00,0,0.8,0
Anon#2272,Math,Grade 1,2025-07-18 00:00:00,29.61,0.9545454545454546,0
Anon#2272,Math,Grade 1,2025-07-19 00:00:00,27.95,0.9767441860465116,0
Anon#2272,Math,Grade 1,2025-07-20 00:00:00,27.52,1,0
Anon#2272,Math,Grade 1,2025-07-21 00:00:00,19.87,0.9655172413793104,0
Anon#2272,Math,Grade 1,2025-07-23 00:00:00,31.62,0.9824561403508771,0
Anon#2272,Math,Grade 1,2025-07-24 00:00:00,32.79,0.9310344827586207,0
Anon#2290,Math,Grade 5,2025-07-18 00:00:00,55.09,0.8,1
Anon#2290,Math,Grade 5,2025-07-19 00:00:00,58.68,0.8235294117647058,1
Anon#2290,Math,Grade 5,2025-07-20 00:00:00,127.21,0.75,1
Anon#2290,Math,Grade 5,2025-07-21 00:00:00,0.78,,
Anon#2290,Math,Grade 5,2025-07-22 00:00:00,39.14,1,1
Anon#2290,Math,Grade 5,2025-07-23 00:00:00,58.25,1,1
Anon#2290,Math,Grade 5,2025-07-24 00:00:00,62.59,0.8333333333333334,2
Anon#2290,Math,Grade 6,2025-07-20 00:00:00,0,1,0
Anon#2292,Math,Algebra I,2025-07-18 00:00:00,0,,
Anon#2292,Math,Algebra I,2025-07-19 00:00:00,0,,
Anon#2292,Math,Algebra I,2025-07-21 00:00:00,0,,
Anon#2292,Math,Algebra I,2025-07-22 00:00:00,0,,
Anon#2292,Math,Algebra II,2025-07-18 00:00:00,52.81,0.8,1
Anon#2292,Math,Geometry,2025-07-20 00:00:00,49.07,1,1
Anon#2292,Math,Geometry,2025-07-21 00:00:00,9.92,1,1
Anon#2292,Math,Geometry,2025-07-22 00:00:00,49.15,1,1
Anon#2292,Math,Grade 2,2025-07-18 00:00:00,0,,0
Anon#2292,Math,Grade 2,2025-07-19 00:00:00,23.92,,0
Anon#2292,Math,Grade 2,2025-07-20 00:00:00,0,,0
Anon#2292,Math,Grade 2,2025-07-21 00:00:00,0,,0
Anon#2292,Math,Grade 2,2025-07-22 00:00:00,0,,0
Anon#2292,Math,Math - 8th grade,2025-07-20 00:00:00,0,,
Anon#2301,Math,Grade 6,2025-07-18 00:00:00,52.16,0.6666666666666666,0
Anon#2301,Math,Grade 6,2025-07-23 00:00:00,0,,0
Anon#2301,Math,Grade 7,2025-07-23 00:00:00,102.54,0.8,1
Anon#2304,Math,Math - 8th grade,2025-07-18 00:00:00,48.92,,0
Anon#2307,Math,Grade 3,2025-07-19 00:00:00,22.58,0.6,2
Anon#2307,Math,Grade 3,2025-07-21 00:00:00,32.65,0.8571428571428571,4
Anon#2307,Math,Grade 3,2025-07-23 00:00:00,31.09,0.6666666666666666,2
Anon#2307,Math,Grade 3,2025-07-24 00:00:00,32.13,1,4
Anon#2308,Math,Grade 5,2025-07-18 00:00:00,8.49,1,1
Anon#2308,Math,Grade 6,2025-07-20 00:00:00,28.4,1,1
Anon#2308,Math,Grade 6,2025-07-21 00:00:00,32.37,1,2
Anon#2308,Math,Grade 6,2025-07-22 00:00:00,25.06,0.875,1
Anon#2308,Math,Grade 6,2025-07-23 00:00:00,29.13,0.8888888888888888,2
Anon#2308,Math,Grade 6,2025-07-24 00:00:00,32.04,1,1
Anon#2312,Language,Language Arts - 5,2025-07-18 00:00:00,29.37,0.8478260869565217,1
Anon#2312,Language,Language Arts - 5,2025-07-21 00:00:00,4.18,1,1
Anon#2312,Math,Math - 5,2025-07-18 00:00:00,0,1,1
Anon#2312,Math,Math - Others,2025-07-18 00:00:00,26.62,0.8,0
Anon#2312,Math,Math - Others,2025-07-19 00:00:00,16.84,1,1
Anon#2312,Reading,1351L-1500L,2025-07-18 00:00:00,10.68,0.8333333333333334,0
Anon#2312,Reading,1351L-1500L,2025-07-19 00:00:00,0.38,1,1
Anon#2312,Science,Science - 5,2025-07-21 00:00:00,11.13,0.8823529411764706,1
Anon#2312,Science,Science - 6,2025-07-18 00:00:00,0,1,1
Anon#2312,Science,Science - Others,2025-07-18 00:00:00,75.06,0.7941176470588235,2
Anon#2318,Language,Language Arts - 2,2025-07-18 00:00:00,47.38,0.9074074074074074,3
Anon#2318,Language,Language Arts - 2,2025-07-21 00:00:00,58.6,0.9146341463414634,3
Anon#2318,Language,Language Arts - 2,2025-07-22 00:00:00,5.45,1,1
Anon#2318,Language,Language Arts - 2,2025-07-23 00:00:00,46.61,0.9242424242424242,2
Anon#2318,Math,Math - 4,2025-07-22 00:00:00,46.8,0.7586206896551724,1
Anon#2318,Math,Math - Others,2025-07-18 00:00:00,83.5,0.86,2
Anon#2318,Math,Math - Others,2025-07-21 00:00:00,34.97,0.9534883720930233,2
Anon#2318,Math,Math - Others,2025-07-23 00:00:00,1.19,,0
Anon#2318,Math,Math - Others,2025-07-24 00:00:00,12.96,1,1
Anon#2318,Reading,601L-750L,2025-07-18 00:00:00,27.26,0.625,0
Anon#2318,Reading,601L-750L,2025-07-21 00:00:00,38.16,0.875,1
Anon#2318,Reading,601L-750L,2025-07-23 00:00:00,24.86,0.2857142857142857,0
Anon#2318,Reading,751L-900L,2025-07-21 00:00:00,0,0.8333333333333334,1
Anon#2318,Reading,751L-900L,2025-07-22 00:00:00,14.15,0.875,1
Anon#2334,Math,Grade 1,2025-07-24 00:00:00,28.32,0.7916666666666666,11
Anon#2334,Math,Grade 2,2025-07-19 00:00:00,36.13,0.9032258064516129,1
Anon#2334,Math,Grade 2,2025-07-20 00:00:00,31.38,0.896551724137931,1
Anon#2334,Math,Grade 2,2025-07-21 00:00:00,25.38,0.9655172413793104,0
Anon#2334,Math,Grade 2,2025-07-23 00:00:00,31.64,0.9,0
Anon#2338,Math,Grade 4,2025-07-18 00:00:00,20.78,,0
Anon#2338,Math,Grade 4,2025-07-19 00:00:00,20.4,,0
Anon#2338,Math,Grade 4,2025-07-20 00:00:00,12.72,1,1
Anon#2338,Math,Grade 4,2025-07-21 00:00:00,26.28,1,1
Anon#2338,Math,Grade 4,2025-07-22 00:00:00,20.27,1,0
Anon#2338,Math,Grade 4,2025-07-23 00:00:00,5.89,,0
Anon#2338,Math,Grade 4,2025-07-24 00:00:00,9.67,1,1
Anon#2360,Math,Grade 5,2025-07-18 00:00:00,44.94,1,1
Anon#2360,Math,Grade 5,2025-07-19 00:00:00,36.3,1,1
Anon#2360,Math,Grade 5,2025-07-20 00:00:00,56.05,1,1
Anon#2360,Math,Grade 5,2025-07-21 00:00:00,81.38,1,1
Anon#2360,Math,Grade 5,2025-07-22 00:00:00,35.01,0.8,1
Anon#2360,Math,Grade 5,2025-07-23 00:00:00,56.91,1,1
Anon#2360,Math,Grade 5,2025-07-24 00:00:00,53.11,1,1
Anon#2361,Math,Math - 8th grade,2025-07-21 00:00:00,6.93,0.7142857142857143,0
Anon#2361,Math,Math - 8th grade,2025-07-24 00:00:00,13.65,0.5,
Anon#2364,Math,Grade 3,2025-07-24 00:00:00,76.48,0.9333333333333333,2
Anon#2379,Math,Grade 4,2025-07-18 00:00:00,1.75,1,
Anon#2379,Math,Grade 4,2025-07-19 00:00:00,4.53,1,0
Anon#2379,Math,Grade 4,2025-07-20 00:00:00,11.27,0.8125,0
Anon#2379,Math,Grade 4,2025-07-21 00:00:00,6.22,0,
Anon#2379,Math,Grade 4,2025-07-22 00:00:00,6.33,0.7272727272727273,0
Anon#2379,Math,Grade 4,2025-07-23 00:00:00,19.97,0.6,0
Anon#2379,Math,Grade 4,2025-07-24 00:00:00,3.66,,
Anon#2402,Language,Language Arts - 3,2025-07-23 00:00:00,0,,0
Anon#2402,Language,Language Arts - 4,2025-07-19 00:00:00,44.28,0.8461538461538461,1
Anon#2402,Language,Language Arts - 4,2025-07-22 00:00:00,14.97,0.9230769230769231,1
Anon#2402,Language,Language Arts - 4,2025-07-23 00:00:00,35.39,0.7368421052631579,1
Anon#2402,Language,Language Arts - 5,2025-07-21 00:00:00,24.34,0.8717948717948718,1
Anon#2402,Math,Math - 4,2025-07-19 00:00:00,9.34,0.8125,1
Anon#2402,Math,Math - 4,2025-07-21 00:00:00,8.96,0.9333333333333333,1
Anon#2402,Math,Math - 4,2025-07-22 00:00:00,14.7,0.9230769230769231,1
Anon#2402,Math,Math - 4,2025-07-23 00:00:00,59.57,0.8333333333333334,1
Anon#2402,Math,Math - Others,2025-07-23 00:00:00,0,0,0
Anon#2402,Reading,751L-900L,2025-07-19 00:00:00,36.08,0.875,1
Anon#2402,Reading,751L-900L,2025-07-21 00:00:00,13.67,0.9,1
Anon#2402,Reading,751L-900L,2025-07-22 00:00:00,9.02,1,1
Anon#2409,Science,Science - 8,2025-07-21 00:00:00,0,0.5,0
Anon#2409,Science,Science - 8,2025-07-22 00:00:00,25.15,0.7692307692307693,1
Anon#2409,Science,Science - Others,2025-07-21 00:00:00,13.39,0.7692307692307693,1
Anon#2432,Reading,2nd Grade,2025-07-22 00:00:00,29.97,,
